productcode,productname,productprice,saleprice,available
100HMX50,"MaxLite 100W LED HIGHMAX, 5000K with EX39 BASE",103.74,90,#N/A
10A19DLED927-G2-JA8,"Maxlite A19 Bulb, High CRI, JA8 Certified, 10 Watt, 2700K, Open Rated, Dimmable, Replaces 60 Watt",3.18,2.79,#N/A
10A19DLED930-G2-JA8,"Maxlite A19 Bulb, High CRI, JA8 Certified, 10 Watt, 3000K, Open Rated, Dimmable, Replaces 60 Watt",2.65,,#N/A
10CPUAGULED927,"MaxLite Compact Puck Lamp, Non-Dimming, GU24 Base, 2700K Replaces 60 Watt",9.87,8.29,#N/A
10CPUAGULED930,"MaxLite Compact Puck Lamp, Non-Dimming, GU24 Base, 2700K Replaces 60 Watt",9.87,8.29,#N/A
10CPUALED927,"MaxLite Compact Puck Lamp, Non-Dimming, E26 Base, 2700K Replaces 60 Watt",9.87,8.29,#N/A
10CPUALED930,"MaxLite Compact Puck Lamp, Non-Dimming, E26 Base, 3000K Replaces 60 Watt",9.87,8.29,#N/A
10G25DLED927-JA8,"Maxlite G125 JA8 Certified Globe Bulb, Dimmable, Replaces 100 Watt",4.59,3.98,#N/A
10P30NDV30FL,"Maxlite PAR30 Bulb, 10 Watt, Non-Dimmable, 3000K",2.93,2.5,#N/A
10P30NDV50FL,"Maxlite PAR30 Bulb, 10 Watt, Non-Dimmable, 5000K",2.93,2.5,#N/A
10PUAGULED27,"MaxLite Puck Lamp, Non-Dimming, GU24 Base, Replaces 60 Watt, 2700K",11.28,6.38,#N/A
10PUAGULED30,"MaxLite Puck Lamp, Non-Dimming, GU24 Base, Replaces 60 Watt, 3000K",11.28,6.38,#N/A
10PUALED30,"MaxLite Puck Lamp, 10 Watt Non-Dimming, Replaces 60 Watt",11.28,6.38,#N/A
10PUBDLED927-JA8,"MaxLite Puck Lamp, 10 Watt, E26, Dimmable, JA8, 2700K",9.52,8.29,#N/A
10PUBDLED930-JA8,"MaxLite Puck Lamp, 10 Watt, E26, Dimmable, JA8, 3000K",5.25,,#N/A
10PUBGUDLED27-JA8,"MaxLite Puck Lamp, 10 Watt, GU24, Dimmable, JA8, 2700K",9.52,8.29,#N/A
10PUBGUDLED30-JA8,"MaxLite Puck Lamp, 10 Watt, GU24, Dimmable, JA8, 3000K",5.25,,#N/A
10PUBLED27,"MaxLite LED Puck Lamp, 10 Watt, E26, 2700K",5.57,4.9,#N/A
10PUBLED30,"MaxLite LED Puck Lamp, 10 Watt, E26, 3000K",5.57,4.9,#N/A
11BR30DLED927-G4,"Maxlite BR30 Bulb, High CRI, Replaces 65 Watt, 2700K, Dimmable",4.66,3.98,#N/A
11BR30DLED930-G4,"Maxlite BR30 Bulb, High CRI, Replaces 65 Watt, 3000K, Dimmable",4.66,3.98,#N/A
11P30D27-,"Maxlite PAR30 Bulb, 11 Watt, Short Neck, Damp Rated, Dimmable, 2700K",4.46,3.81,#N/A
11P30D30-,"Maxlite PAR30 Bulb, 11 Watt, Short Neck, Damp Rated, Dimmable, 3000K",4.46,3.81,#N/A
11P30D40-,"Maxlite PAR30 Bulb, 11 Watt, Short Neck, Damp Rated, Dimmable, 4000K",4.46,3.81,#N/A
11P30WLND27-,"Maxlite PAR30 Bulb, 11 Watt, Long Neck, Damp Rated, Dimmable, 2700K",4.46,3.81,#N/A
11P30WLND30-,"Maxlite PAR30 Bulb, 11 Watt, Long Neck, Damp Rated, Dimmable, 3000K",4.46,3.81,#N/A
11P30WLND40-,"Maxlite PAR30 Bulb, 11 Watt, Long Neck, Damp Rated, Dimmable, 4000K",4.46,3.81,#N/A
120PT40,"MaxLite LED Bypass Corn Lamp, 120W, EX39 Base, 4000K",143.64,123.75,#N/A
120PT50,"MaxLite LED Bypass Corn Lamp, 120W, EX39 Base, 5000K",143.64,123.75,#N/A
12A19DLED927-JA8,"Maxlite LED Omni-Directional JA8 Certified, Open Rated, 12 Watt, Dimmable, Replaces 75 Watt",4.31,,#N/A
12G40DLED30,"Maxlite G40 Globe Bulb, 12 Watt, Dimmable",10.31,8.95,#N/A
12P30DLED927FL-JA8,"Maxlite PAR30 Bulb, 12 Watt, Short Neck, JA8 Certified, Dimmable, 2700K",6.19,,#N/A
12P30DLED930FL-JA8,"Maxlite PAR30 Bulb, 12 Watt, Short Neck, JA8 Certified, Dimmable, 3000K",6.19,,#N/A
12P30LNDLED927FL-JA8,"Maxlite PAR30 Bulb, 12 Watt, Long Neck, JA8 Certified, Dimmable, 2700K",6.98,6.13,#N/A
12P30LNDLED930FL-JA8,"Maxlite PAR30 Bulb, 12 Watt, Long Neck, JA8 Certified, Dimmable, 3000K",6.98,6.13,#N/A
12PLG24Q-27,"Maxlite PL Retrofit Lamp, DirectFit, 12 Watt (Vertical or Horizontal), 2700K",9.84,8.31,#N/A
12PLG24Q-35,"Maxlite PL Retrofit Lamp, DirectFit, 12 Watt (Vertical or Horizontal), 3500K",9.84,8.31,#N/A
12PLG24Q-40,"Maxlite PL Retrofit Lamp, DirectFit, 12 Watt (Vertical or Horizontal), 4000K",9.84,8.31,#N/A
13P30LNLED230FL,"Maxlite PAR30 Bulb, 13 Watt, 277 Volt, Long Neck, 3000K",12.7,10.63,#N/A
13P30LNLED240FL,"Maxlite PAR30 Bulb, 13 Watt, 277 Volt, Long Neck, 4000K",12.7,10.63,#N/A
13P38DLED30NF,"Maxlite PAR38 Bulb, 13 Watt, Dimmable",7.75,3.81,#N/A
13P38WD27FL,"Maxlite PAR38 Bulb, 13 Watt, Dimmable, Wet Rated, 2700K",7.78,6.63,#N/A
13P38WD30FL,"Maxlite PAR38 Bulb, 13 Watt, Dimmable, Wet Rated, 3000K",7.78,6.63,#N/A
13P38WD40FL,"Maxlite PAR38 Bulb, 13 Watt, Dimmable, Wet Rated, 4000K",7.78,6.63,#N/A
13P38WD50FL,"Maxlite PAR38 Bulb, 13 Watt, Dimmable, Wet Rated, 5000K",7.78,6.63,#N/A
14A19-3WLED27,"Maxlite 3-Way A19 Bulb, Replaces 40/ 60/ 100 Watt, 2700K",7.78,6.96,#N/A
14A19-3WLED30,"Maxlite 3-Way A19 Bulb, Replaces 40/ 60/ 100 Watt, 3000K",7.78,6.96,#N/A
15P38DLED927FL-JA8,"Maxlite PAR38 Bulb, 15 Watt, JA8 Certified, Dimmable, 2700K",9.18,7.95,#N/A
15P38DLED930FL-JA8,"Maxlite PAR38 Bulb, 15 Watt, JA8 Certified, Dimmable, 3000K",9.18,7.95,#N/A
15P38WD27FL,"Maxlite PAR38 Bulb, 15 Watt, Dimmable, Wet Rated, 2700K",8.25,7.25,#N/A
15P38WD30FL,"Maxlite PAR38 Bulb, 15 Watt, Dimmable, Wet Rated, 3000K",8.25,7.25,#N/A
15P38WD40FL,"Maxlite PAR38 Bulb, 15 Watt, Dimmable, Wet Rated, 4000K",8.25,7.25,#N/A
17BR40DLED27-G3,"Maxlite BR40 Bulb, 17 Watt, Dimmable, 2700K",7.25,6.31,#N/A
17BR40DLED30-G3,"Maxlite BR40 Bulb, 17 Watt, Dimmable, 3000K",7.25,6.31,#N/A
17BR40DLED40-G3,"Maxlite BR40 Bulb, 17 Watt, Dimmable, 4000K",7.25,6.31,#N/A
17P38LED230FL,"Maxlite PAR38 Bulb, 17 Watt, 277 Volt, 3000K",21.68,18.56,#N/A
17P38LED240FL,"Maxlite PAR38 Bulb, 17 Watt, 277 Volt, 4000K",21.68,18.56,#N/A
2.5G4LED27,"Maxlite 2.5 Watt Bi Pin Base Miniature Lamp, 2700K",7.05,6,#N/A
2.5WDGLED27,"Maxlite 2.5 Watt Wedge Base Miniature Lamp, 2700K",7.05,6,#N/A
36LBLV40,"MaxLite Low Voltage Light Bar, Plug and Play, 36 Inch, 15 Watt",22.5,,#N/A
36PT40,"MaxLite LED Bypass Corn Lamp, 36W, EX39 Base, 4000K",46.55,41.25,#N/A
36PT50,"MaxLite LED Bypass Corn Lamp, 36W, EX39 Base, 5000K",46.55,41.25,#N/A
36RDL30,"Maxlite Cooler, Freezer, Refrigerator, Door Fixture, 3 Foot, 9 Watt, 3000K",23.75,,#N/A
36RDL41,"Maxlite Cooler, Freezer, Refrigerator, Door Fixture, 3 Foot, 9 Watt, 4100K",23.75,,#N/A
36RDL50,"Maxlite Cooler, Freezer, Refrigerator, Door Fixture, 3 Foot, 9 Watt, 5000K",23.75,,#N/A
3G9LED27,"Maxlite G9 Retrofit Lamp, 3W",5.59,4.75,#N/A
40HMX50,"MaxLite 40W LED HIGHMAX, 5000K with EX39 BASE",49.21,42.5,#N/A
54PT40,"MaxLite LED Bypass Corn Lamp, 54W, EX39 Base, 4000K",53.2,46.25,#N/A
5G16.5DLED27,"Maxlite G16.5 Globe Bulb, Replaces 40 Watt, Dimmable",3,,#N/A
60HMX50,"MaxLite 60W LED HIGHMAX, 5000K with EX39 BASE",55.86,48.75,#N/A
6G25DLED27-G2,"Maxlite G25 Globe Bulb, 6 Watt, Dimmable",2.94,,#N/A
6LB27,"MaxLite Plug-and-Play Light Bar, 6 Inch, 3 Watt",15.96,13.75,1036
6P20DLED30NF,"Maxlite PAR20 Bulb, 6 Watt, Dimmable (PHASING OUT)",1.76,,#N/A
6PLE26LED27,"Maxlite PL Retrofit Lamp, 6 Watt (E26 Base), 2700K",8.65,7.5,#N/A
6PLE26LED30,"Maxlite PL Retrofit Lamp, 6 Watt (E26 Base), 3000K",8.65,7.5,#N/A
6PLG24QLED27,"Maxlite PL Retrofit Lamp, 6 Watt (G24Q Base), 2700K",8.65,7.5,#N/A
6PLG24QLED30,"Maxlite PL Retrofit Lamp, 6 Watt (G24Q Base), 3000K",8.65,7.5,#N/A
6PLG24QLED35,"Maxlite PL Retrofit Lamp, 6 Watt (G24Q Base), 3500K",8.65,7.5,#N/A
6PLG24QLED40,"Maxlite PL Retrofit Lamp, 6 Watt (G24Q Base), 4000K",8.65,7.5,#N/A
6PLG24QLED50,"Maxlite PL Retrofit Lamp, 6 Watt (G24Q Base), 5000K",8.65,7.5,#N/A
6PLGU24LED27,"Maxlite PL Retrofit Lamp, 6 Watt (GU24 Base), 2700K",8.65,7.5,#N/A
6PLGU24LED30,"Maxlite PL Retrofit Lamp, 6 Watt (GU24 Base), 3000K",8.65,7.5,#N/A
6PLGU24LED40,"Maxlite PL Retrofit Lamp, 6 Watt (GU24 Base), 4000K",8.65,7.5,#N/A
6PLGX23LED27,"Maxlite PL Retrofit Lamp, 6 Watt (GX23 Base), 2700K",8.65,7.5,#N/A
6PLGX23LED35,"Maxlite PL Retrofit Lamp, 6 Watt (GX23 Base), 3500K",8.65,7.5,#N/A
6PLGX23LED40,"Maxlite PL Retrofit Lamp, 6 Watt (GX23 Base), 4000K",8.65,7.5,#N/A
6PLGX23LED50,"Maxlite PL Retrofit Lamp, 6 Watt (GX23 Base), 5000K",8.65,7.5,#N/A
72RDL30,"Maxlite Cooler, Freezer, Refrigerator Door Fixture, 6 Foot, 18 Watt, 3000K",46.25,,#N/A
72RDL50,"Maxlite Cooler, Freezer, Refrigerator Door Fixture, 6 Foot, 18 Watt, 5000K",43.75,,#N/A
7BR20DLED27-G3,"Maxlite BR20 Bulb, 7 Watt, 2700K, Dimmable",2.66,2.25,#N/A
7BR20DLED30-G3,"Maxlite BR20 Bulb, 7 Watt, 3000K, Dimmable",2.66,2.25,#N/A
7BR20DLED40-G3,"Maxlite BR20 Bulb, 7 Watt, 4000K, Dimmable",2.66,2.25,#N/A
7MR16D27FL,"Maxlite MR16 Lamp, 7 Watt (GU5.3 Base), Dimmable, 2700K",3.59,3.13,1314
7MR16D30FL,"Maxlite MR16 Lamp, 7 Watt (GU5.3 Base), Dimmable, 3000K",3.59,3.13,2091
7MR16GUDLED930FL-JA8,"Maxlite MR16 Lamp, JA8 Certified, 7 Watt (GU10 Base), Dimmable",2.06,,#N/A
7P20DLED927FL-JA8,"Maxlite PAR20 Bulb, 7 Watt, Dimmable, 2700K",3.86,3.38,#N/A
7P20DLED930FL-JA8,"Maxlite PAR20 Bulb, 7 Watt, Dimmable, 3000K",3.86,3.38,#N/A
80HMX50,"MaxLite 80W LED HIGHMAX, 5000K with EX39 BASE",90.44,78.75,#N/A
8BR30DLED40-G3,"Maxlite BR30 Bulb, 8 Watt, 4000K, Dimmable",3.86,3.25,#N/A
8BR30DLED50-G3,"Maxlite BR30 Bulb, 8 Watt, 5000K, Dimmable",3.86,3.25,#N/A
8PLE26LED27,"Maxlite PL Retrofit Lamp, 8 Watt (E26 Base), 2700K",9.44,8.13,#N/A
8PLE26LED30,"Maxlite PL Retrofit Lamp, 8 Watt (E26 Base), 3000K",9.44,8.13,#N/A
8PLG24QLED27,"Maxlite PL Retrofit Lamp, 8 Watt (G24Q Base), 2700K",9.44,8.13,#N/A
8PLG24QLED30,"Maxlite PL Retrofit Lamp, 8 Watt (G24Q Base), 3000K",9.44,8.13,#N/A
8PLG24QLED35,"Maxlite PL Retrofit Lamp, 8 Watt (G24Q Base), 3500K",9.44,8.13,#N/A
8PLG24QLED40,"Maxlite PL Retrofit Lamp, 8 Watt (G24Q Base), 4000K",9.44,8.13,#N/A
8PLG24QLED50,"Maxlite PL Retrofit Lamp, 8 Watt (G24Q Base), 5000K",9.44,8.13,#N/A
8PLGU24LED27,"Maxlite PL Retrofit Lamp, 8 Watt (GU24 Base), 2700K",9.44,8.13,#N/A
8PLGU24LED30,"Maxlite PL Retrofit Lamp, 8 Watt (GU24 Base), 3000K",9.44,8.13,#N/A
8PLGU24LED40,"Maxlite PL Retrofit Lamp, 8 Watt (GU24 Base), 4000K",9.44,8.13,#N/A
8PLGX23LED27,"Maxlite PL Retrofit Lamp, 8 Watt (GX23 Base), 2700K",9.44,8.13,#N/A
8PLGX23LED35,"Maxlite PL Retrofit Lamp, 8 Watt (GX23 Base), 3500K",9.44,8.13,#N/A
8PLGX23LED40,"Maxlite PL Retrofit Lamp, 8 Watt (GX23 Base), 4000K",9.44,8.13,#N/A
8PLGX23LED50,"Maxlite PL Retrofit Lamp, 8 Watt (GX23 Base), 5000K",9.44,8.13,#N/A
9BR30SDLED30,"Maxlite Warm-On-Dim, BR30 Bulb, 9 Watt Replaces 65 Watt, Dimmable",8.45,7.54,#N/A
9PUADLED27,"MaxLite Puck Lamp, 9 Watt, E26, Dimmable, 2700K",13.91,,2313
9PUADLED30,"MaxLite Puck Lamp, 9 Watt, E26, Dimmable, 3000K",13.91,,245
AFB50U641KSBSS,"MaxLite Architectural Flood Light, 52 Watt",152.95,137.5,#N/A
AFC80U641KLBSS,"MaxLite Architectural Flood Light, 76 Watt",262.5,,#N/A
AR100LED50,"MaxLite LED Area Lamps, EX39 Base",200.83,173.75,#N/A
AR40LED50,"MaxLite LED Area Lamps, E39 Base",99.75,86.25,#N/A
BF12AUD30,"MaxLite Flood Light, Bullet Style, 11 Watt, 3000K",50.54,33.75,#N/A
BF12AUD50,"MaxLite Flood Light, Bullet Style, 11 Watt, 5000K",50.54,33.75,#N/A
BF30AUD30,"MaxLite Flood Light, Bullet Style, 28 Watt, 3000K",127.68,106.25,#N/A
BF30AUD50,"MaxLite Flood Light, Bullet Style, 28 Watt, 5000K",127.68,106.25,#N/A
BH2RBZ,"Maxlite Double In-Line Bullhorn at 180 Degrees, 4 Feet Between Centers",155.61,131.25,#N/A
BH2S4BZ,"Maxlite Double In-Line Square Bullhorn at 180 Degrees, 4 Feet Between Centers",234.08,198.75,#N/A
BH3RBZ,"Maxlite Triple In-Line Bullhorn at 180 Degrees, 30 Inches Between Centers",198.75,,#N/A
BH4RBZ,"Maxlite Quad In-Line Bullhorn at 180 Degrees, 30 Inches Between Centers",232.5,,#N/A
BL-CLRD17U-40B,"MaxLite Round 42"" LED Bollard",331.17,,#N/A
BLHE-090DU40,"MaxLite BayMAX LED Linear High Bays ECO Series, 90 Watt, 4000K, Dimmable",99.75,87.5,9
BLHE-090DU50,"MaxLite BayMAX LED Linear High Bays ECO Series, 90 Watt, 5000K, Dimmable",99.75,87.5,#N/A
BLHE-135DU40,"MaxLite BayMAX LED Linear High Bays ECO Series, 4000K, 135 Watt, Dimmable",121.03,103.75,73
BLHE-135DU50,"MaxLite BayMAX LED Linear High Bays ECO Series, 5000K, 135 Watt, Dimmable",121.03,103.75,127
BLHE-162DU40,"MaxLite BayMAX LED Linear High Bays ECO Series, Dimmable, 4000K",129.01,111.25,667
BLHE-162DU50,"MaxLite BayMAX LED Linear High Bays ECO Series, Dimmable, 5000K",129.01,111.25,3
BLHE-223DU50,"MaxLite BayMAX LED Linear High Bays ECO Series, 223 Watt, Dimmable",150,,2
BLHE-321DU50,"MaxLite BayMAX LED Linear High Bays ECO Series, 321 Watt, Dimmable",244.72,218.5,#N/A
BLHT4XT8USE4810,"MaxLite High Bay, Lamp Ready, 4 Tube, 4 Foot",55.86,47.5,#N/A
BLHT6XT8USE4815,"MaxLite High Bay, Lamp Ready, 6 Tube, 4 Foot",69.16,60,#N/A
BLHT8XT8USE4820,"MaxLite High Bay, Lamp Ready, 8 Tube, 4 Foot",83.79,73.75,#N/A
BP35AUT550BPM0,"MaxLite Area Light, Barn Light, 34 Watt",121.03,100,#N/A
BP45AUT550BPM0,"MaxLite Area Light, Barn Light, 45 Watt",127.68,106.25,#N/A
CPL20AU40,"MaxLite Low Profile Canopy, 20 Watt, Dimmable, 4000K",83.79,,#N/A
CPL20AU50,"MaxLite Low Profile Canopy, 20 Watt, Dimmable, 5000K",83.79,,#N/A
CPL30AU40,"MaxLite Low Profile Canopy, 30 Watt, Dimmable, 4000K",97.09,,#N/A
CPL30AU50,"MaxLite Low Profile Canopy, 30 Watt, Dimmable, 5000K",97.09,,#N/A
CPL40AU40,"MaxLite Low Profile Canopy, 40 Watt, Dimmable, 4000K",109.06,,#N/A
CPL40AU50,"MaxLite Low Profile Canopy, 40 Watt, Dimmable, 5000K",109.06,,#N/A
CPL58AU40,"MaxLite Low Profile Canopy, 53 Watt, Dimmable, 4000K",148.96,133,#N/A
CPL58AU50,"MaxLite Low Profile Canopy, 53 Watt, Dimmable, 5000K",148.96,133,#N/A
DL409827WH,"MaxLite Disc Light, 4 Inches, 9 Watts, 2700K",9.38,,#N/A
DL409830WH,"MaxLite Disc Light, 4 Inches, 9 Watts, 3000K",9.38,,#N/A
DL409840WH,"MaxLite Disc Light, 4 Inches, 9 Watts, 4000K",9.38,,#N/A
DL615827WH,"MaxLite Disc Light, 6 Inches, 15 Watts, 2700K",10.63,,#N/A
DL615830WH,"MaxLite Disc Light, 6 Inches, 15 Watts, 3000K",10.63,,#N/A
DL615840WH,"MaxLite Disc Light, 6 Inches, 15 Watts, 4000K",10.63,,#N/A
DR1L,"MaxLite Driver for 1 Tube, 22 Watt Max",8.98,5.13,#N/A
DR2L,"MaxLite Driver for 2 Tubes, 44 Watt Max",18.62,10.88,#N/A
DR3L,"MaxLite Driver for 3 Tube, 66 Watt Max",26.6,15.68,#N/A
DSL18T8SE465,"MaxLite, LED Double-Sided T8 Linear Lamps, 4 Foot(G13 Pin Base) for 2 Sided Outdoor Signs, with R17D Adapter",20.54,,2346
DSL24T8SE565,"MaxLite LED Double-Sided T8 Linear Lamps, 5 Foot(G13 Base) for 2 Sided Outdoor Signs, with R17D Adapter",24.71,,3057
DSL30T8SE665,"MaxLite, LED Double-Sided T8 Linear Lamps, 6 Foot(G13 Base) for 2 Sided Outdoor Signs, with R17D Adapter",33.75,,2321
DSL36T8SE865,"MaxLite, LED Double-Sided T8 Linear Lamps, 8 Foot(G13 Base) for 2 Sided Outdoor Signs, with R17D Adapter",43.75,,113
E11A19DLED27-G6,"Maxlite A19 Bulb, Enclosed Rated, 2700K, Replaces 75 Watt, Dimmable, Generation 6",2.63,,#N/A
E11A19DLED30-G6,"Maxlite A19 Bulb, Enclosed Rated, 3000K, Replaces 75 Watt, Dimmable, Generation 6",2.63,,#N/A
E11A19GUDLED27-G6,"Maxlite A19 Bulb, Enclosed Rated, GU24 Base, 2700K, Dimmable, Replaces 75 Watt, Generation 6",2.88,,#N/A
E11A19GUDLED30-G6,"Maxlite A19 Bulb, Enclosed Rated, GU24 Base, 3000K, Dimmable, Replaces 75 Watt, Generation 6",2.88,,#N/A
E11A19GUDLED40-G6,"Maxlite A19 Bulb, Enclosed Rated, GU24 Base, 4000K, Dimmable, Replaces 75 Watt, Generation 6",2.88,,#N/A
E12A19DLED927-JA8,"Maxlite LED Omni-Directional JA8 Certified, Enclosed Rated, 12 Watt, Replaces 75 Watt, Dimmable",3.44,,#N/A
E15A19DLED27-G6,"Maxlite A19 Bulb, Enclosed Rated, 2700K, Replaces 100 Watt, Dimmable, Generation 6",3.38,,#N/A
E15A19DLED30-G6,"Maxlite A19 Bulb, Enclosed Rated, 3000K, Replaces 100 Watt, Dimmable, Generation 6",3.38,,#N/A
E15A19DLED40-G6,"Maxlite A19 Bulb, Enclosed Rated, 4000K, Replaces 100 Watt, Dimmable, Generation 6",3.38,,#N/A
E15A19GUDLED27-G6,"Maxlite A19 Bulb, Enclosed Rated, GU24 Base, 2700K, Dimmable, Replaces 100 Watt, Generation 6",3.63,,#N/A
E15A19GUDLED30-G6,"Maxlite A19 Bulb, Enclosed Rated, GU24 Base, 3000K, Dimmable, Replaces 100 Watt, Generation 6",3.63,,#N/A
E15A19GUDLED40-G6,"Maxlite A19 Bulb, Enclosed Rated, GU24 Base, 4000K, Dimmable, Replaces 100 Watt, Generation 6",3.63,,#N/A
E17A21D927-JA8,"Maxlite LED Omni-Directional JA8 Certified, Enclosed Rated, 17 Watt, Dimmable, Replaces 100 Watt, 2700K",7.31,,#N/A
E17A21D930-JA8,"Maxlite LED Omni-Directional JA8 Certified, Enclosed Rated, 17 Watt, Dimmable, Replaces 100 Watt, 3000K",6.69,,#N/A
E6A19DLED27-G6,"Maxlite LED Omni-Directional, Enclosed Rated, 6 Watt, Dimmable, Replaces 40 Watt, Gen. 6, 2700K",1.75,,#N/A
E6A19DLED30-G6,"Maxlite LED Omni-Directional, Enclosed Rated, 6 Watt, Dimmable, Replaces 40 Watt, Gen. 6, 3000K",1.75,,#N/A
E6A19DLED40-G6,"Maxlite LED Omni-Directional, Enclosed Rated, 6 Watt, Dimmable, Replaces 40 Watt, Gen. 6, 4000K",1.75,,#N/A
E6A19DLED927-JA8,"Maxlite LED Omni-Directional JA8 Certified, Enclosed Rated, 6 Watt, Replaces 40 Watt",2.64,,#N/A
E6A19GUDLED30-G6,"Maxlite LED Omni-Directional, Enclosed Rated, GU24 Base 6 Watt, Replaces 40 Watt, Gen. 6, 3000K",2,,#N/A
E6A19GUDLED40-G6,"Maxlite LED Omni-Directional, Enclosed Rated, GU24 Base 6 Watt, Replaces 40 Watt, Gen. 6, 4000K",2,,#N/A
E9A19DLED27-G6,"Maxlite A19 Bulb, 9 Watt, 2700K, Dimmable, Enclosed Rated, Replaces 60 Watt",2,,#N/A
E9A19DLED30-G6,"Maxlite A19 Bulb, 9 Watt, 3000K, Dimmable, Enclosed Rated, Replaces 60 Watt",2,,#N/A
E9A19DLED40-G6,"Maxlite A19 Bulb, 9 Watt, 4000K, Dimmable, Enclosed Rated, Replaces 60 Watt",2,,#N/A
E9A19DLED50-G6,"Maxlite A19 Bulb, 9 Watt, 5000K, Dimmable, Enclosed Rated, Replaces 60 Watt",2.33,2,#N/A
E9A19GUDLED27-G6,"Maxlite A19 Bulb, GU24 Base, Replaces 60 Watt, 2700K",2.25,,#N/A
E9A19GUDLED30-G6,"Maxlite A19 Bulb, GU24 Base, Replaces 60 Watt, 3000K",2.25,,#N/A
E9A19GUDLED40-G6,"Maxlite A19 Bulb, GU24 Base, Replaces 60 Watt, 4000K",2.25,,#N/A
E9A19ND27-G3,"Maxlite A19 Bulb, 9 Watt, E26 Base, Non-Dimmable, Enclosed Rated, Replaces 60 Watt, 2700K",1.93,1.69,#N/A
E9A19ND30-G3,"Maxlite A19 Bulb, 9 Watt, E26 Base, Non-Dimmable, Enclosed Rated, Replaces 60 Watt, 3000K",1.93,1.69,#N/A
ELLF1804,"MaxLite Flood Light, High Output, 180 Watt, 347-480V",808.57,690.8,#N/A
ELLF270U,"MaxLite Flood Light for Hazardous Locations, High Output, 270 Watt",2150.61,1822.5,#N/A
F4B10DLED927-JA8,"Maxlite LED Filament Lamp, JA8 Certified, Candelabra, Glass, 40 Watt Equivalent",3,,#N/A
F7A19DLED27-G2,"Maxlite LED Filament Lamp, A19, 7 Watt, Dimmable",4.31,,#N/A
F8.5A19D927-JA8,"Maxlite LED Filament Lamp, JA8 Certified, Candelabra, Glass, 60 Watt Equivalent",6.38,5.56,#N/A
FLS15U40B-G2,"MaxLite Flood Light, 14 Watt, 4000K",53.2,38.75,#N/A
FLS15U50B-G2,"MaxLite Flood Light, 14 Watt, 5000K",53.2,38.75,#N/A
FLS20U40B-G2,"MaxLite Flood Light, 18 Watt, 4000K",59.85,43.75,#N/A
FLS20U50B-G2,"MaxLite Flood Light, 18 Watt, 5000K",59.85,43.75,#N/A
FLS50U40B-G2,"MaxLite Flood Light, 49 Watt, 4000K",86.25,,#N/A
FLS50U50B-G2,"MaxLite Flood Light, 49 Watt, 5000K",166.25,145,#N/A
FRK10X3-930-V2,"MaxLite Flush Mount Retrofit Kit, 10W, 3"", DIA, 90 CRI",10.94,,#N/A
FRK17X4-930-V2,"MaxLite Flush Mount Retrofit Kit, 17W, 4"", DIA, 90 CRI, 3000K",12.81,,#N/A
FRK17X4-940-V3,"MaxLite Flush Mount Retrofit Kit, 17W, 4"", DIA, 90 CRI, 3000K",14.96,12.81,#N/A
FRK23X5.5-930-V2,"MaxLite Flush Mount Retrofit Kit, 23W, 5.5"", DIA, 90 CRI, 3000K",17.81,,#N/A
FRK23X5.5-940-V2,"MaxLite Flush Mount Retrofit Kit, 23W, 5.5"", DIA, 90 CRI, 4000K",17.81,,#N/A
FRK28X7-930-V2,"MaxLite Flush Mount Retrofit Kit, 28W, 7"", DIA, 90 CRI, 3000K",21.25,,#N/A
FRK28X7-940-V2,"MaxLite Flush Mount Retrofit Kit, 28W, 7"", DIA, 90 CRI, 4000K",21.25,,#N/A
G13LPNS-,MaxLite T8 End Cap Socket (single piece),0.4,0.31,#N/A
HL-AR100UW-50G,"MaxLite Flood Class Division 2 HL-AR Series, 100 Watt",798,625,#N/A
HL-AR100UW-50G-D1,"MaxLite Flood Class Division 1 HL-AR-D1 Series, 100 Watt",1330,1093.75,#N/A
HL-AR150UW-50G,"MaxLite Flood Class Division 2 HL-AR Series, 150 Watt",931,750,#N/A
HL-AR150UW-50G-D1,"MaxLite Flood Class Division 1 HL-AR-D1 Series, 150 Watt",1330,1187.5,#N/A
HL-AR80UW-50G,"MaxLite Flood Class Division 2 HL-AR Series, 80 Watt",665,562.5,137
HL-AR80UW-50G-D1,"MaxLite Flood Class Division 1 HL-AR-D1 Series, 80 Watt",1263.5,1031.25,#N/A
HL-LB23U-50,"MaxLite Lowbay Class 1 Division 2 HL-LB Series, 23 Watt",432.25,375,#N/A
HL-LI2440H,"MaxLite Linear Class Division 2 HL-LI Series, 2 Foot, High Voltage",529.34,417.5,#N/A
HL-LI2440U,"MaxLite Linear Class Division 2 HL-LI Series, 2 Foot, Low Voltage",529.34,417.5,#N/A
HL-LI4880H,"MaxLite Linear Class Division 2 HL-LI Series, 4 Foot, High Voltage",762.09,583.75,#N/A
HL-LI4880U,"MaxLite Linear Class Division 2 HL-LI Series, 4 Foot, Low Voltage",762.09,583.75,#N/A
HLR110-W50PCG,"MaxLite High Bay Class 1 Division 2 Hazardous Area Light Series, 109 Watt, Pendant Mount",728.84,632.5,#N/A
HLR110-W50XCG,"MaxLite High Bay Class 1 Division 2 Hazardous Area Light Series, 109 Watt, Wall Mount",728.84,632.5,#N/A
HLR140-W50PCG,"MaxLite High Bay Class 1 Division 2 Hazardous Area Light Series, 136 Watt, Pendant Mount",915.04,793.75,#N/A
HLR140-W50XCG,"MaxLite High Bay Class 1 Division 2 Hazardous Area Light Series, 136 Watt, Wall Mount",915.04,793.75,#N/A
HLR170-W50PCG,"MaxLite High Bay Class 1 Division 2 Hazardous Area Light Series, 167 Watt, Pendant Mount",1067.99,926.25,#N/A
HLR170-W50XCG,"MaxLite High Bay Class 1 Division 2 Hazardous Area Light Series, 167 Watt, Wall Mount",1130.5,968.75,#N/A
HLR80-W50PCG,"MaxLite High Bay Class 1 Division 2 Hazardous Area Light Series, 77 Watt, Pendant Mount",798,687.5,#N/A
HLR80-W50XCG,"MaxLite High Bay Class 1 Division 2 Hazardous Area Light Series, 77 Watt, Wall Mount",688.94,597.5,#N/A
HP-090UF-40,"MaxLite LED Pendant UFO High Bays, 90 Watt, Dimmable, 4000K",215.46,186.25,#N/A
HP-090UF-50,"MaxLite LED Pendant UFO High Bays, 90 Watt, Dimmable, 5000K",215.46,186.25,#N/A
HP-130UF-50,"MaxLite LED Pendant UFO High Bays, 130 Watt, Dimmable, 5000K",243.39,210,#N/A
HP-160UF-40,"MaxLite LED Pendant UFO High Bays, 160 Watt, Dimmable, 4000K",269.99,235,#N/A
HP-160UF-50,"MaxLite LED Pendant UFO High Bays, 160 Watt, Dimmable, 5000K",269.99,235,#N/A
HP-185UF-40,"MaxLite LED Pendant UFO High Bays, 185 Watt, Dimmable, 4000K",293.93,255,#N/A
HP-185UF-50,"MaxLite LED Pendant UFO High Bays, 185 Watt, Dimmable, 5000K",293.93,255,#N/A
JJ12A150,"MaxLite Vaporproof Jelly Jar, 12 Watt",47.5,,#N/A
JJC12001,"MaxLite Jelly Jar, 12 Watt, Ceiling Mounted",29.26,25,#N/A
L11.5T8DE435-CG4,"Maxlite T8 Tube, Coated Glass, Double Ended, Ballast Bypass, 4 Foot, 11.5 Watt, 3500K",9.11,8.13,#N/A
L11.5T8DE440-CG4,"Maxlite T8 Tube, Coated Glass, Double Ended, Ballast Bypass, 4 Foot, 11.5 Watt, 4000K",9.11,8.13,#N/A
L11.5T8DE450-CG4,"Maxlite T8 Tube, Coated Glass, Double Ended, Ballast Bypass, 4 Foot, 11.5 Watt, 5000K",9.11,8.13,#N/A
L11T8AB335-CG,"MaxLite LED Linear T8 Hybrid, 12 Watt, 3 Foot, 3500K",9.91,8.63,#N/A
L11T8AB340-CG,"MaxLite LED Linear T8 Hybrid, 12 Watt, 3 Foot, 4000K",9.91,8.63,#N/A
L11T8AB350-CG,"MaxLite LED Linear T8 Hybrid, 12 Watt, 3 Foot, 5000K",9.91,8.63,#N/A
L12T5SE235-CG,"Maxlite T5 Linear Replacement Tube, Bypass, Coated Glass, 2 Foot, 12 Watt, 3500K",10.57,9.19,#N/A
L12T5SE240-CG,"Maxlite T5 Linear Replacement Tube, Bypass, Coated Glass, 2 Foot, 12 Watt, 4000K",10.57,9.19,#N/A
L12T5SE250-CG,"Maxlite T5 Linear Replacement Tube, Bypass, Coated Glass, 2 Foot, 12 Watt, 5000K",10.57,9.19,#N/A
L12T8AB435-CG,"MaxLite LED Linear T8 Hybrid, 13 Watt, 4 Foot, 3500K",9.91,8.63,12907
L12T8AB440-CG,"MaxLite LED Linear T8 Hybrid, 13 Watt, 4 Foot, 4000K",9.91,8.63,27545
L12T8AB450-CG,"MaxLite LED Linear T8 Hybrid, 13 Watt, 4 Foot, 5000K",9.91,8.63,20226
L13T5SE435-CG,"Maxlite T5 Linear Replacement Tube, Bypass, Coated Glass, 4 Foot, 13 Watt, 3500K",11.11,9.69,#N/A
L13T5SE440-CG,"Maxlite T5 Linear Replacement Tube, Bypass, Coated Glass, 4 Foot, 13 Watt, 4000K",11.11,9.69,#N/A
L13T5SE450-CG,"Maxlite T5 Linear Replacement Tube, Bypass, Coated Glass, 4 Foot, 13 Watt, 5000K",11.11,9.69,#N/A
L13T8DF435-CG5,"Maxlite T8 Linear Replacement Tube, Ballast Compatible, Coated Glass, 4 Foot, 13 Watt, 3500K",7.01,6.16,#N/A
L13T8DF450-CG5,"Maxlite T8 Linear Replacement Tube, Ballast Compatible, Coated Glass, 4 Foot, 13 Watt, 5000K",7.01,6.16,#N/A
L13T8EX435,"Maxlite T8 Tube, Frosted Plastic, External Driver, 4 Foot, 13 Watt, G13 Pin, 3500K",8.65,7.81,#N/A
L13T8EX440,"Maxlite T8 Tube, Frosted Plastic, External Driver, 4 Foot, 13 Watt, G13 Pin, 4000K",8.65,7.81,#N/A
L13T8EX450,"Maxlite T8 Tube, Frosted Plastic, External Driver, 4 Foot, 13 Watt, G13 Pin, 5000K",8.65,7.81,#N/A
L14T8DF335-CG4,"Maxlite T8 Tube, Ballast Compatible, Coated Glass, 3 Foot, 14 Watt, 3500K",8.45,7.25,#N/A
L14T8DF340-CG4,"Maxlite T8 Tube, Ballast Compatible, Coated Glass, 3 Foot, 14 Watt, 4000K",8.45,7.25,#N/A
L14T8DF350-CG4,"Maxlite T8 Tube, Ballast Compatible, Coated Glass, 3 Foot, 14 Watt, 5000K",8.45,7.25,#N/A
L14T8DF440-GA,"Maxlite T8 Tube, DirectFit Ballast Compatible, 4 Foot, 14 Watt, 4000K",6.3,,#N/A
L14T8DF450-GA,"Maxlite T8 Tube, DirectFit Ballast Compatible, 4 Foot, 14 Watt, 5000K",6.3,,370
L16.5T8SE440-CG,"Maxlite T8 Tube, Coated Glass, Internal Driver, 4 Foot, 16.5 Watt, 4000K",8.11,7.06,#N/A
L16.5T8SE450-CG,"Maxlite T8 Tube, Coated Glass, Internal Driver, 4 Foot, 16.5 Watt, 5000K",8.11,7.06,#N/A
L16T5SE335-CG,"Maxlite T5 Linear Replacement Tube, Bypass, Coated Glass, 3 Foot, 16 Watt, 3500K",11.64,9.94,#N/A
L16T5SE340-CG,"Maxlite T5 Linear Replacement Tube, Bypass, Coated Glass, 3 Foot, 16 Watt, 4000K",11.64,9.94,#N/A
L16T5SE350-CG,"Maxlite T5 Linear Replacement Tube, Bypass, Coated Glass, 3 Foot, 16 Watt, 5000K",11.64,9.94,#N/A
L17T8DF440,"Maxlite T8 Tube, Ballast Compatible, Plastic, 4 Foot, 17 Watt",9.52,8.29,500
L18T8SE415,"MaxLite Horticulture Grow Light LED for T8 Tube fixtures , 18W Photosynthesis Spectrum 450nm (royal blue) and 650nm (deep red)",18.33,16.56,#N/A
L18T8SE435-CG4,"MaxLite Single-End Power T8 Linear Lamps, 18 Watt, G13 Pin Base, 3500K",8.45,7.44,#N/A
L18T8SE440-CG4,"MaxLite Single-End Power T8 Linear Lamps, 18 Watt, G13 Pin Base, 4000K",8.45,7.44,#N/A
L18T8SE450-CG4,"MaxLite Single-End Power T8 Linear Lamps, 18 Watt, G13 Pin Base, 5000K",8.45,7.44,#N/A
L19T8EX435,"Maxlite T8 Tube, External Driver, 4 Foot, 19 Watt (Driver Sold Separately), 3500K",9.31,5.81,#N/A
L19T8EX440,"Maxlite T8 Tube, External Driver, 4 Foot, 19 Watt (Driver Sold Separately), 4000K",9.31,5.81,#N/A
L19T8EX450,"Maxlite T8 Tube, External Driver, 4 Foot, 19 Watt (Driver Sold Separately), 5000K",5.81,,#N/A
L19T8SE540-G,"Maxlite T8 Tube, Glass, 5 Foot, 19 Watt, 4000K",13.5,11.63,#N/A
L25T5DF435-CG5,"Maxlite T5 Tube, Ballast Compatible, Coated Glass, 4 Foot, 25 Watt, 3500K",11.04,9.63,#N/A
L25T5DF440-CG5,"Maxlite T5 Tube, Ballast Compatible, Coated Glass, 4 Foot, 25 Watt, 4000K",11.04,9.63,#N/A
L25T5DF450-CG5,"Maxlite T5 Tube, Ballast Compatible, Coated Glass, 4 Foot, 25 Watt, 5000K",11.04,9.63,#N/A
L25T5SE435-CG,"Maxlite T5 Linear Replacement Tube, Bypass, Coated Glass, 4 Foot, 25 Watt, 3500K",12.64,10.94,#N/A
L25T5SE440-CG,"Maxlite T5 Linear Replacement Tube, Bypass, Coated Glass, 4 Foot, 25 Watt, 4000K",12.64,10.94,#N/A
L25T5SE450-CG,"Maxlite T5 Linear Replacement Tube, Bypass, Coated Glass, 4 Foot, 25 Watt, 5000K",12.64,10.94,#N/A
L27T5DF450-CG,"Maxlite T5 Tube, Coated Glass, Ballast Compatible, 4 Foot, 27 Watt (LIMITED STOCK)",7,,#N/A
L30T8SE640-G,"Maxlite T8 Tube, Internal Driver, Glass, 6 Foot, 30 Watt, **Special Order**",14.96,12.81,#N/A
L9T8AB235-CG,"MaxLite LED Linear T8 Hybrid, 10 Watt, 2 Foot, 3500K",9.51,8.25,#N/A
L9T8AB240-CG,"MaxLite LED Linear T8 Hybrid, 10 Watt, 2 Foot, 4000K",9.51,8.25,#N/A
L9T8AB250-CG,"MaxLite LED Linear T8 Hybrid, 10 Watt, 2 Foot, 5000K",9.51,8.25,#N/A
L9T8DF240-CG4,"Maxlite T8 Tube, Ballast Compatible, Coated Glass, 2 Foot, 9 Watt, 4000K",7.91,6.94,#N/A
L9T8DF250-CG4,"Maxlite T8 Tube, Ballast Compatible, Coated Glass, 2 Foot, 9 Watt, 5000K",7.91,6.94,#N/A
L9T8SE235-G,"Maxlite T8 Tube, Internal Driver, Glass, 2 Foot, 9 Watt, 3500K",7.32,6.25,#N/A
L9T8SE240-G,"Maxlite T8 Tube, Internal Driver, Glass, 2 Foot, 9 Watt, 4000K",7.32,6.25,#N/A
L9T8SE250-G,"Maxlite T8 Tube, Internal Driver, Glass, 2 Foot, 9 Watt, 5000K",7.32,6.25,#N/A
LB-PC48,Maxlite 40 Inch Plug Cord for Light Bars,6.65,,#N/A
LB06-0001,"MaxLite Plug-and-Play Light Bar, 6 Inch, 2 Watt, Generation 2 - 2700K ""LB0627""",11.97,9.38,#N/A
LB06-0002,"MaxLite Plug-and-Play Light Bar, 6 Inch, 2 Watt, Generation 2 - 3500K ""LB0635""",11.97,9.38,#N/A
LB06-0003,"MaxLite Plug-and-Play Light Bar, 6 Inch, 2 Watt, Generation 2 - 5000K ""LB0650""",11.97,9.38,#N/A
LB0627,"MaxLite Plug-and-Play Light Bar, 6 Inch, 2 Watt, Generation 2 - 2700K",11.97,9.38,#N/A
LB0627-0001,"MaxLite Plug-and-Play Light Bar, 6 Inch, 2 Watt, Generation 2, 2700K - 2700K",11.97,9.38,#N/A
LB0627-0002,"MaxLite Plug-and-Play Light Bar, 6 Inch, 2 Watt, Generation 2 - 2700K - *2700K",11.97,9.38,#N/A
LB0635,"MaxLite Plug-and-Play Light Bar, 6 Inch, 2 Watt, Generation 2 - 3500K",11.97,9.38,#N/A
LB0635-0001,"MaxLite Plug-and-Play Light Bar, 6 Inch, 2 Watt, Generation 2 - 3500K - *3500K",11.97,9.38,#N/A
LB0650,"MaxLite Plug-and-Play Light Bar, 6 Inch, 2 Watt, Generation 2 - 5000K",11.97,9.38,#N/A
LB0650-0001,"MaxLite Plug-and-Play Light Bar, 6 Inch, 2 Watt, Generation 2 - 5000K - *5000K",11.97,9.38,#N/A
LB12-0001,"MaxLite Plug-and-Play Light Bar, 12 Inch, 4 Watt, Generation 2 - 2700K",15.96,13.44,#N/A
LB12-0002,"MaxLite Plug-and-Play Light Bar, 12 Inch, 4 Watt, Generation 2 - 3500K",15.96,13.44,#N/A
LB12-0003,"MaxLite Plug-and-Play Light Bar, 12 Inch, 4 Watt, Generation 2 - 5000K",15.96,13.44,#N/A
LB1227,"MaxLite Plug-and-Play Light Bar, 12 Inch, 4 Watt, Generation 2, 2700K",15.96,13.44,#N/A
LB1227-0001,"MaxLite Plug-and-Play Light Bar, 12 Inch, 4 Watt, Generation 2, 2700K - *2700K",15.96,13.44,#N/A
LB1235,"MaxLite Plug-and-Play Light Bar, 12 Inch, 4 Watt, Generation 2, 3500K",15.96,13.44,#N/A
LB1235-0001,"MaxLite Plug-and-Play Light Bar, 12 Inch, 4 Watt, Generation 2, 3500K - *3500K",15.96,13.44,#N/A
LB1250,"MaxLite Plug-and-Play Light Bar, 12 Inch, 4 Watt, Generation 2, 5000K",15.96,13.44,#N/A
LB1250-0001,"MaxLite Plug-and-Play Light Bar, 12 Inch, 4 Watt, Generation 2, 5000K - *5000K",15.96,13.44,#N/A
LB24-0001,"MaxLite Plug-and-Play Light Bar, 24 Inch, 8 Watt, Generation 2 - 2700K",31.92,26.88,#N/A
LB24-0002,"MaxLite Plug-and-Play Light Bar, 24 Inch, 8 Watt, Generation 2 - 3500K",31.92,26.88,#N/A
LB24-0003,"MaxLite Plug-and-Play Light Bar, 24 Inch, 8 Watt, Generation 2 - 5000K",31.92,26.88,#N/A
LB2427,"MaxLite Plug-and-Play Light Bar, 24 Inch, 8 Watt, Generation 2, 2700K",31.92,26.88,#N/A
LB2427-0001,"MaxLite Plug-and-Play Light Bar, 24 Inch, 8 Watt, Generation 2, 2700K - *2700K",31.92,26.88,#N/A
LB2435,"MaxLite Plug-and-Play Light Bar, 24 Inch, 8 Watt, Generation 2, 3500K",31.92,26.88,#N/A
LB2450,"MaxLite Plug-and-Play Light Bar, 24 Inch, 8 Watt, Generation 2, 5000K",31.92,26.88,#N/A
LB36-0001,"MaxLite Plug-and-Play Light Bar, 36 Inch, 12 Watt, Generation 2 - 2700K",47.88,40,#N/A
LB36-0002,"MaxLite Plug-and-Play Light Bar, 36 Inch, 12 Watt, Generation 2 - 3500K",47.88,40,#N/A
LB36-0003,"MaxLite Plug-and-Play Light Bar, 36 Inch, 12 Watt, Generation 2 - 5000K",47.88,40,#N/A
LB3627,"MaxLite Plug-and-Play Light Bar, 36 Inch, 12 Watt, Generation 2, 2700K",47.88,40,#N/A
LB3627-0001,"MaxLite Plug-and-Play Light Bar, 36 Inch, 12 Watt, Generation 2, 2700K - *2700K",47.88,40,#N/A
LB3635,"MaxLite Plug-and-Play Light Bar, 36 Inch, 12 Watt, Generation 2, 3500K",47.88,40,#N/A
LB3635-0001,"MaxLite Plug-and-Play Light Bar, 36 Inch, 12 Watt, Generation 2, 3500K - *3500K",47.88,40,#N/A
LB3650,"MaxLite Plug-and-Play Light Bar, 36 Inch, 12 Watt, Generation 2, 5000K",47.88,40,#N/A
LB48-0001,"MaxLite Plug-and-Play Light Bar, 48 Inch, 16 Watt, Generation 2 - 2700K",63.84,53.75,#N/A
LB48-0002,"MaxLite Plug-and-Play Light Bar, 48 Inch, 16 Watt, Generation 2 - 3500K",63.84,53.75,#N/A
LB48-0003,"MaxLite Plug-and-Play Light Bar, 48 Inch, 16 Watt, Generation 2 - 5000K",63.84,53.75,#N/A
LB4827,"MaxLite Plug-and-Play Light Bar, 48 Inch, 16 Watt, Generation 2, 2700K",63.84,53.75,#N/A
LB4827-0001,"MaxLite Plug-and-Play Light Bar, 48 Inch, 16 Watt, Generation 2, 2700K - *2700K",63.84,53.75,#N/A
LB4835,"MaxLite Plug-and-Play Light Bar, 48 Inch, 16 Watt, Generation 2, 3500K",63.84,53.75,#N/A
LB4850,"MaxLite Plug-and-Play Light Bar, 48 Inch, 16 Watt, Generation 2, 5000K",63.84,53.75,#N/A
LF-4836U-40,"MaxLite L-Form Linear Luminaire, 4 Foot, 36 Watt, Dimmable",74.48,66.5,#N/A
LF-4849U-,"MaxLite L-Form Linear Luminaire, 4 Foot, 49 Watt, Dimmable",101.08,90.25,#N/A
LRK22D2335,"MaxLite Lensed Retrofit Kit, 2x2 Foot, 23 Watt, Dimmable, 3500K",55.86,47.5,#N/A
LRK22D2341,"MaxLite Lensed Retrofit Kit, 2x2 Foot, 23 Watt, Dimmable, 4100K",67.83,58.25,#N/A
LRK22D2350,"MaxLite Lensed Retrofit Kit, 2x2 Foot, 23 Watt, Dimmable, 5000K",47.5,,#N/A
LRK24D4035,"MaxLite Lensed Retrofit Kit, 2x4 Foot, 40 Watt, Dimmable, 3500K",101.08,87.5,#N/A
LRK24D4041,"MaxLite Lensed Retrofit Kit, 2x4 Foot, 40 Watt, Dimmable, 4100K",101.08,87.5,#N/A
LRK24D4050,"MaxLite Lensed Retrofit Kit, 2x4 Foot, 40 Watt, Dimmable, 5000K",101.08,87.5,#N/A
LS-4835U-40,"MaxLite Linear Strip, 4 Foot, 35 Watt, Dimmable, 4000K",61.18,53.75,#N/A
LS-4835U-50,"MaxLite Linear Strip, 4 Foot, 35 Watt, Dimmable, 5000K",61.18,53.75,#N/A
LS-4846U-50,"MaxLite Linear Strip, 4 Foot, 46 Watt, Dimmable",74.48,63.75,#N/A
LSS1XT8USE4802,"MaxLite Lamp Ready Linear Utility Strip, 4 Foot, Single Tube",14.8,11.26,#N/A
LSS2XT8USE4803,"MaxLite Lamp Ready Linear Utility Strip, 4 Foot, 2 Tube",16.92,13.25,#N/A
LSU2XT8USE4806,"MaxLite Lamp Ready Linear Utility Strip Wrap, 4 Foot, 2 Tube",31.72,26.18,#N/A
LSU3XT8USE4806,"MaxLite Lamp Ready Linear Utility Strip Wrap, 4 Foot, 3 Tube",31.72,26.18,#N/A
LSU4U2540,"MaxLite Utility Wrap, 4 Foot, 25 Watt, 4000K",75.81,65,#N/A
LSU4U2550,"MaxLite Utility Wrap, 4 Foot, 25 Watt, 5000K",75.81,65,#N/A
LSU4U3540,"MaxLite Utility Wrap, 4 Foot, 35 Watt, 4000K",85.12,73.75,#N/A
LSU4U3550,"MaxLite Utility Wrap, 4 Foot, 35 Watt, 5000K",85.12,73.75,#N/A
LSU4U4540,"MaxLite Utility Wrap, 4 Foot, 45 Watt, 4000K",91.77,80,#N/A
LSU4U4550,"MaxLite Utility Wrap, 4 Foot, 45 Watt, 5000K",91.77,80,#N/A
LSU4XT8USE4812,"MaxLite Lamp Ready Linear Utility Strip Wrap, 4 Foot, 4 Tube",54.53,47.5,#N/A
LSUECO-4NU4050,"MaxLite Utility Wrap, Eco Series Non-Dimming, 4 Foot, 40 Watt",33.75,,#N/A
LSV2U2540,"MaxLite LSV Series Vapor Tight, Linear, 24 Inch, 25 Watt, 4000K",70.49,60,#N/A
LSV2U2550,"MaxLite LSV Series Vapor Tight, Linear, 24 Inch, 25 Watt, 5000K",70.49,60,#N/A
LSV2XT8USE4806,"MaxLite Lamp Ready Vapor Tight, 4 Foot, 2 Lamp Max",41.23,35,#N/A
LSV3XT8USE4806,"MaxLite Lamp Ready Vapor Tight, 4 Foot, 3 Lamp Max",43.89,37.5,#N/A
LSV4U2540,"MaxLite LSV Series Vapor Tight, Linear, 48 Inch, 25 Watt, 4000K",86.45,75,#N/A
LSV4U2550,"MaxLite LSV Series Vapor Tight, Linear, 48 Inch, 25 Watt, 5000K",86.45,75,#N/A
LSV4U3540,"MaxLite LSV Series Vapor Tight, Linear, 48 Inch, 35 Watt, 4000K",93.1,80,#N/A
LSV4U3550,"MaxLite LSV Series Vapor Tight, Linear, 48 Inch, 35 Watt, 5000K",93.1,80,#N/A
LSV4U4540,"MaxLite LSV Series Vapor Tight, Linear, 48 Inch, 45 Watt, 4000K",102.41,87.5,#N/A
LSV4U4550,"MaxLite LSV Series Vapor Tight, Linear, 48 Inch, 45 Watt, 5000K",102.41,87.5,#N/A
ML1E242DARBK27,MaxLite Bulb in Box- Architectural Torchiere,32.5,,6
ML2E242TR,"MaxLite Flush Mount, Traditional, Includes 2 Bulbs",35.25,24.06,#N/A
ML2LA17MAWHP927,"MaxLite Flush Mount, Architectural, White Finish, Plastic Diffuser, 17 Watt",28.75,,#N/A
ML2LA23LCBNIP927,"MaxLite Flush Mount, Contemporary, Brushed Nickel, Acrylic, 23 Watt",37.5,,#N/A
ML2LA23LCWHP927,"MaxLite Flush Mount, Contemporary, White Finish Acrylic, 23 Watt",37.5,,#N/A
ML2LA23LTNBNI927,"MaxLite Flush Mount, Transitional, Brushed Nickel, 23 Watt",32.5,,#N/A
ML2LA23LTRBNI827,"MaxLite Flush Mount, Traditional, Brushed Nickel, 23 Watt",32.5,,#N/A
ML2LA23LTRORB827,"MaxLite Flush Mount, Traditional, ORB Finish, 23 Watt, CRI >80",35,,#N/A
ML2LA23LTRORB927,"MaxLite Flush Mount, Traditional, ORB Finish, 23 Watt, CRI >90",35,,#N/A
ML2LA23LTRWH827,"MaxLite Flush Mount, Traditional, White Finish, 23 Watt, CRI > 80",31.25,,#N/A
ML2LA23LTRWH927,"MaxLite Flush Mount, Traditional, White Finish, 23 Watt, CRI > 90",35,,#N/A
ML3LA23MALBNI927,"MaxLite Semi-Flush Mount, Alabaster Series, Brushed Nickel, 23 Watt, High CRI",30.63,,#N/A
ML4LASMSB14827,"MaxLite LED Mission Lantern, 14 Watt",35.25,29.38,#N/A
ML4LE171RLBK27MSC-V2,"MaxLite Lantern with Motion Sensor, Includes Bulb",28.75,,#N/A
ML4LS10SOLW,"MaxLite LED Small Lantern, 10 Watt",17.5,,#N/A
ML4LS12SRLBK827,"MaxLite LED Ranch Lantern, 12 Watt",29.93,26.25,#N/A
ML8E303TU-27-V2,MaxLite Bulb in Box- Tulip Vanity Bar,54.53,46.88,#N/A
ML8LARBN30830,"MaxLite LED Vanity Bar, Architectual Brushed Nickel, 30 Watt",49.88,42.5,#N/A
ML9E101CCBZ27-V2,"MaxLite Wall Sconce, Bronze, Includes Bulb",20.95,17.81,#N/A
ML9E101CCNI27-V2,"MaxLite Wall Sconce, Nickel, Includes Bulb",20.95,17.81,#N/A
ML9E101CCWH27-V2,"MaxLite Wall Sconce, White, Includes Bulb",20.95,12.5,#N/A
ML9LA17LCNBNI927,"MaxLite Wall Sconce, 17 Watt, Brushed Nickel",49.21,43.13,#N/A
ML9LA23LCNBNI927,"MaxLite Wall Sconce, 23 Watt",65.17,57.5,#N/A
ML9LAFBN09827,"MaxLite LED Wall Sconce, Architectual Brushed Nickel, 10 Watt",31.92,28.13,#N/A
ML9LARBN23830,"MaxLite LED Wall Sconce, Architectual Brushed Nickel, 23 Watt",41.23,35,#N/A
MLFP14DI3640ICL,"MaxLite Pendant Panel, Direct/Indirect Light, 1x4 Foot, 36 Watt, Dimmable",127.68,106.25,#N/A
MLFP14EP3035,"MaxLite Flat Panel, Edge Lit, 1x4 Foot, 30 Watt, Dimmable, 3500K",58.52,50,#N/A
MLFP14EP3041,"MaxLite Flat Panel, Edge Lit, 1x4 Foot, 30 Watt, Dimmable, 4100K",58.52,50,#N/A
MLFP14EP3050,"MaxLite Flat Panel, Edge Lit, 1x4 Foot, 30 Watt, Dimmable, 5000K",58.52,50,#N/A
MLFP14EP3541,"MaxLite Flat Panel, Edge Lit, 1x4 Foot, 35 Watt, Dimmable",63.84,55,#N/A
MLFP22EP3035,"MaxLite Flat Panel, Edge Lit, 2x2 Foot, 30 Watt, Dimmable, 3500K",41.23,36.88,#N/A
MLFP22EP3041,"MaxLite Flat Panel, Edge Lit, 2x2 Foot, 30 Watt, Dimmable, 4100K",41.23,36.88,#N/A
MLFP22EP3050,"MaxLite Flat Panel, Edge Lit, 2x2 Foot, 30 Watt, Dimmable, 5000K",52.54,42.5,#N/A
MLFP24EP4035,"MaxLite Flat Panel, Edge Lit, 2x4 Foot, 40 Watt, Dimmable, 3500K",65.84,58.75,#N/A
MLFP24EP4041,"MaxLite Flat Panel, Edge Lit, 2x4 Foot, 40 Watt, Dimmable, 4100K",65.84,58.75,#N/A
MLFP24EP4050,"MaxLite Flat Panel, Edge Lit, 2x4 Foot, 40 Watt, Dimmable, 5000K",65.84,58.75,#N/A
MLFP24EP4835-V2,"MaxLite Flat Panel, Edge Lit, 2x4 Foot, 48 Watt, Dimmable, 3500K",98.42,82.5,#N/A
MLFP24EP4841-V2,"MaxLite Flat Panel, Edge Lit, 2x4 Foot, 48 Watt, Dimmable, 4100K",98.42,82.5,#N/A
MLFP24EP4850-V2,"MaxLite Flat Panel, Edge Lit, 2x4 Foot, 48 Watt, Dimmable, 5000K",98.42,82.5,#N/A
MLIT22D2535,"MaxLite Recessed Indirect Troffer, 2x2 Foot, 25 Watt, Dimmable, 3500K",127.68,107.5,#N/A
MLIT22D2540,"MaxLite Recessed Indirect Troffer, 2x2 Foot, 25 Watt, Dimmable, 4000K",127.68,107.5,#N/A
MLIT24D3235,"MaxLite Recessed Indirect Troffer, 2x4 Foot, 32 Watt, Dimmable, 3500K",176.89,148.75,#N/A
MLIT24D3240,"MaxLite Recessed Indirect Troffer, 2x4 Foot, 32 Watt, Dimmable, 4000K",176.89,148.75,#N/A
MLLBA,MaxLite Plug-and-Play Light Bar Accessories,0,,#N/A
MLRP24E4035D,"MaxLite Round 24 Inch, Direct Light Surface Mount, 40 Watt, Dimmable, 3500K",113.05,93.75,#N/A
MLRP24E4035I,"MaxLite Round 24 Inch, Indirect/Direct Light Suspension Mount, 40 Watt, Dimmable",127.68,106.25,#N/A
MLRP24E4040D,"MaxLite Round 24 Inch, Direct Light Surface Mount, 40 Watt, Dimmable, 4000K",113.05,93.75,198
MLRT22D3240,"MaxLite ECO-T Recessed Troffer, 2x2 Foot, 32 Watt, Dimmable, 4000K",62.51,53.75,#N/A
MLRT22D3250,"MaxLite ECO-T Recessed Troffer, 2x2 Foot, 32 Watt, Dimmable, 5000K",45,,#N/A
MLRT24D4240,"MaxLite ECO-T Recessed Troffer, 2x4 Foot, 42 Watt, Dimmable, 4000K",83.79,73.75,#N/A
MLRT24D4250,"MaxLite ECO-T Recessed Troffer, 2x4 Foot, 42 Watt, Dimmable, 5000K",63.75,,#N/A
MLVPC14LED50C,"MaxLite Vaporproof Jelly Jar Ceiling Mount, 14 Watt",127.68,106.25,#N/A
MLVT22D3635-SB,"MaxLite Single Basket Volumetric Panel, 2x2 Foot, 36 Watt, Dimmable, 3500K",59.85,53.75,#N/A
MLVT22D3640-SB,"MaxLite Single Basket Volumetric Panel, 2x2 Foot, 36 Watt, Dimmable, 4000K",59.85,53.75,#N/A
MLVT24D4535-SB,"MaxLite Single Basket Volumetric Panel, 2x4 Foot, 45 Watt, Dimmable, 3500K",87.78,77.5,#N/A
MLVT24D4540-SB,"MaxLite Single Basket Volumetric Panel, 2x4 Foot, 45 Watt, Dimmable, 4000K",87.78,77.5,#N/A
MM630U-50FDG,"MaxLite ModMax, High Output Flood Light, 629 Watt",1685.11,1378.75,#N/A
MP-AR100-40,"MaxLite MPulse Area Light, 100 Watt, 4000K",356.44,303.75,#N/A
MP-AR100-50,"MaxLite MPulse Area Light, 100 Watt, 5000K",356.44,303.75,#N/A
MP-AR150-40,"MaxLite MPulse Area Light, 150 Watt, 4000K",486.78,418.75,#N/A
MP-AR150-50,"MaxLite MPulse Area Light, 150 Watt, 5000K",486.78,418.75,#N/A
MP-AR200-40,"MaxLite MPulse Area Light, 200 Watt, 4000K",610.47,535,#N/A
MP-AR200-50,"MaxLite MPulse Area Light, 200 Watt, 5000K",610.47,535,#N/A
MP-AR250-40,"MaxLite MPulse Area Light, 250 Watt, 4000K",760.76,663.75,#N/A
MP-AR250-50,"MaxLite MPulse Area Light, 250 Watt, 5000K",760.76,663.75,#N/A
MP-AR300-40,"MaxLite MPulse Area Light, 300 Watt, 4000K",843.22,741.25,#N/A
MP-AR300-50,"MaxLite MPulse Area Light, 300 Watt, 5000K",843.22,741.25,#N/A
MP-CP28U-40,"MaxLite MPulse Canopy Light, 28 Watt, 4000K",206.15,187.5,#N/A
MP-CP28U-50,"MaxLite MPulse Canopy Light, 28 Watt, 5000K",206.15,187.5,#N/A
MP-CP55U-40,"MaxLite MPulse Canopy Light, 55 Watt, 4000K",232.75,212.5,#N/A
MP-CP55U-50,"MaxLite MPulse Canopy Light, 55 Watt, 5000K",232.75,212.5,#N/A
MP-SM100-40,"MaxLite MPulse Surface Mount Luminaire, 100 Watt, 4000K",279.3,255,#N/A
MP-SM100-50,"MaxLite MPulse Surface Mount Luminaire, 100 Watt, 5000K",279.3,255,#N/A
MP-SM28-40,"MaxLite MPulse Surface Mount Luminaire, 28 Watt, 4000K",179.55,162.5,#N/A
MP-SM28-50,"MaxLite MPulse Surface Mount Luminaire, 28 Watt, 5000K",179.55,162.5,#N/A
MP-SM55-40,"MaxLite MPulse Surface Mount Luminaire, 55 Watt, 4000K",232.75,212.5,#N/A
MP-SM55-50,"MaxLite MPulse Surface Mount Luminaire, 55 Watt, 5000K",232.75,212.5,#N/A
PH-1000HPS-F-DE,"MaxLite 1000W Double Ended HPS, 120-240V - Complete Fixture with Lamp",319.2,252.5,#N/A
PH-1000HPS-L-DE,MaxLite 1000W Double Ended HPS Lamp - Lamp Only,38.57,33.75,#N/A
PH-1000HPS2-F-DE,"MaxLite 1000W Double Ended HPS, 277V - Complete Fixture with Lamp",333.83,265,#N/A
PH-1000HPS3-F-DE,"MaxLite 1000W Double Ended HPS, 347V - Complete Fixture with Lamp",333.83,265,#N/A
PH-GH360HBPRF-WC0,"MaxLite PhotonMax Green House LED, 360 Watts, Broad Par with Heavy 660nm and Far Red 730nm, 347-480V",905.08,789.88,#N/A
PH-GH360HBPRX-WC0,"MaxLite PhotonMax Green House LED, 360 Watts, Broad PAR with 660NM, White Finish, 347-480V",898.63,784.25,#N/A
PH-GH360HBXRF-WC0,"MaxLite PhotonMax Green House LED, 360 Watts, Blue 450nm with Heavy Red 660nm and Far Red 730nm, 347-480V",959.46,837.34,#N/A
PH-GH360HFSRF-WC0,"MaxLite PhotonMax Green House LED, 360 Watts, Full Spectrum with Heavy Red 660nm and Far Red 730nm, 347-480V",943.34,823.26,#N/A
PH-GH360UBPRF-WC0,"MaxLite PhotonMax Green House LED, 360 Watts, Broad Par with Heavy 660nm and Far Red 730nm, 120-277V",867.88,757.41,#N/A
PH-GH360UBPRX-WC0,"MaxLite PhotonMax Green House LED, 360 Watts, Broad PAR with 660NM, White Finish, 120-277V",861.43,751.79,#N/A
PH-GH360UBXRF-WC0,"MaxLite PhotonMax Green House LED, 360 Watts, Blue 450nm with Heavy Red 660nm and Far Red 730nm, 120-277V",931.25,812.71,#N/A
PH-GH360UFSRF-WC0,"MaxLite PhotonMax Green House LED, 360 Watts, Full Spectrum with Heavy Red 660nm and Far Red 730nm, 120-277V",909.04,793.34,#N/A
PH-GH600HBPRF-WC0,"MaxLite PhotonMax Green House LED, 600 Watts, Broad Par with Heavy 660nm and Far Red 730nm, White Finish, 347-480V",1096.19,956.66,#N/A
PH-GH600HBPRX-WC0,"MaxLite PhotonMax Green House LED, 600 Watts, Broad PAR with Heavy 660NM, White Finish, 347-480V",1089.95,951.21,#N/A
PH-GH600HBXRF-WC0,"MaxLite PhotonMax Green House LED, 600 Watts, Blue 450nm with Heavy Red 660nm and Far Red 730nm, White Finish, 347-480V",1179.2,1029.11,#N/A
PH-GH600HFSRF-WC0,"MaxLite PhotonMax Green House LED, 600 Watts, Full Spectrum with Heavy Red 660nm and Far Red 730nm, White Finish, 347-480V",1146.62,1000.68,#N/A
PH-GH600UBPRF-WC0,"MaxLite PhotonMax Green House LED, 600 Watts, Broad Par with Heavy 660nm and Far Red 730nm, White Finish, 120-277V",1035.46,903.66,#N/A
PH-GH600UBPRX-WC0,"MaxLite PhotonMax Green House LED, 600 Watts, Broad PAR with 660NM, White Finish, 120-277V",1029.22,898.21,#N/A
PH-GH600UBXRF-WC0,"MaxLite PhotonMax Green House LED, 600 Watts, Blue 450nm with Heavy Red 660nm and Far Red 730nm, White Finish, 120-277V",1118.46,976.11,#N/A
PH-GH600UFSRF-WC0,"MaxLite PhotonMax Green House LED, 600 Watts, Full Spectrum with Heavy Red 660nm and Far Red 730nm, White Finish, 120-277V",1085.89,947.68,#N/A
PH-MHF315230,"MaxLite PhotonMax Indoor Grow Light Fixture with Ceramic Metal Halide Lamp, 315 W, 220-277V",304.57,233.8,#N/A
PH-MHF630130,"MaxLite PhotonMax Indoor Grow Light Fixture with Ceramic Metal Halide Lamp, 630W, 120-240V",417.62,352.5,#N/A
PH-MHF630230,"MaxLite PhotonMax Indoor Grow Light Fixture with Ceramic Metal Halide Lamp, 630W, 220-277V",417.62,352.5,#N/A
PH-MHL315130,"MaxLite PhotonMax Metal Halide Indoor Grow Lamp, 315 W, 120-240V, Lamp Only",85.12,60,#N/A
PH-SL1200UF-L,"MaxLite PhotonMax, 1200 Watt, Indoor Grow Light Spotlight",3468.64,2942.5,#N/A
PH-SL600UF-L,"MaxLite PhotonMax, 600 Watt, Indoor Grow Light Spotlight",1734.32,1471.25,#N/A
PL-SQ12S-,"Maxlite Square Steel Pole, 12 Feet, 11 Gauge Wall Thickness",281.96,251.75,#N/A
QM-3AU7T330N-B,"MaxLite QuadroMax LED Fixture, 80 Watt, 120-277V, Type III, 3000K",185,,#N/A
QM-3AU7T340N-B,"MaxLite QuadroMax LED Fixture, 80 Watt, 120-277V, Type III, 4000K",208.81,196.25,203
QM-3AU7T440N-B,"MaxLite QuadroMax LED Fixture, 80 Watt, 120-277V, 4000K, Type IV",208.81,196.25,64
QM-3AU7T530N-B,"MaxLite QuadroMax LED Fixture, 80 Watt, 120-277V, Type V, 3000K",185,,#N/A
QM-3AU7T540N-B,"MaxLite QuadroMax LED Fixture, 80 Watt, 120-277V, Type V, 4000K",208.81,196.25,89
QM-4AU7T340N-B,"MaxLite QuadroMax LED Fixtures, 110 Watt, 120-270V, 4000K, Type III",262.01,246.25,308
QM-4AU7T440N-B,"MaxLite QuadroMax LED Fixtures, 110 Watt, 120-270V, 4000K, Type IV",262.01,246.25,75
QM-5AU7T340N-B,"MaxLite QuadroMax LED Fixtures, 135 Watt, 120-270V, 4000K, Type III",277.97,261.25,147
QM-5AU7T440N-B,"MaxLite QuadroMax LED Fixtures, 135 Watt, 120-270V, 4000K, Type IV",261.25,,#N/A
QM-5AU7T530N-B,"MaxLite QuadroMax LED Fixtures, 135 Watt, 120-270V, 3000K, Type V",246.25,,#N/A
QM-6AH8T340N-B,"MaxLite QuadroMax LED Fixtures, 185 Watt, 347-480V, 4000K, Type III",333.75,,#N/A
QM-6AH8T540N-B,"MaxLite QuadroMax LED Fixtures, 185 Watt, 347-480V, 4000K, Type V",333.75,,#N/A
QM-6AH8T550N-B,"MaxLite QuadroMax LED Fixtures, 185 Watt, 347-480V, 5000K, Type V",333.75,,#N/A
QM-6AU7T340N-B,"MaxLite QuadroMax LED Fixtures, 160 Watt, 120-277V, 4000K, Type III",271.25,,#N/A
QM-6AU7T440N-B,"MaxLite QuadroMax LED Fixtures, 160 Watt, 120-277V, 4000K, Type IV",271.25,,#N/A
QMP-100,"MaxLite QuadroMax Plus LED Fixtures, Dimmable",444.22,378.75,#N/A
QMP-150,"MaxLite QuadroMax Plus LED Fixtures, Dimmable",585.2,511.25,#N/A
QMP-200,"MaxLite QuadroMax Plus LED Fixtures, Dimmable",712.88,630,#N/A
QMP-250,"MaxLite QuadroMax Plus LED Fixtures, Dimmable",867.16,762.5,#N/A
QMP-300,"MaxLite QuadroMax Plus LED Fixtures, Dimmable",1037.4,921.25,#N/A
QMP-50,"MaxLite QuadroMax Plus LED Fixtures, Dimmable",303.24,246.25,#N/A
R4HT1S00BZ,"Maxlite Single Round Horizontal Tenon, 90 Degree, Bronze",28.2,22.53,#N/A
R4HT218BZ,"Maxlite Double Round Horizontal Tenon, 180 Degree, Bronze",42.56,35,#N/A
R4HT290BZ,"Maxlite Double Round Horizontal Tenon, 90 Degree, Bronze",39.9,32.5,#N/A
R4HT312BZ,"Maxlite Triple Round Horizontal Tenon, 120 Degree, Bronze",49.21,40,#N/A
R4HT390BZ,"Maxlite Triple Round Horizontal Tenon, 90 Degree, Bronze",49.21,40,#N/A
R4HT490BZ,"Maxlite Quad Round Horizontal Tenon, 90 Degree, Bronze",57.19,47.5,48
RCF61330W,"MaxLite Universal Recessed Downlight Fixture, 6 Inch, 13 Watts, 3000K",27.93,24.06,#N/A
RCF61340W,"MaxLite Universal Recessed Downlight Fixture, 6 Inch, 13 Watts, 4000K",25.6,22.19,#N/A
RCF61830W,"MaxLite Universal Recessed Downlight Fixture, 6 Inch, 18 Watts, 3000K",26.93,23.44,#N/A
RCF61840W,"MaxLite Universal Recessed Downlight Fixture, 6 Inch, 18 Watts, 4000K",26.93,23.44,#N/A
RCF81330W,"MaxLite Universal Recessed Downlight Fixture, 8 Inch, 13 Watts, 3000K",32.25,28.13,#N/A
RCF81340W,"MaxLite Universal Recessed Downlight Fixture, 8 Inch, 13 Watts, 4000K",29.93,26.25,#N/A
RCF81830W,"MaxLite Universal Recessed Downlight Fixture, 8 Inch, 18 Watts, 3000K",31.26,27.5,#N/A
RCF81840W,"MaxLite Universal Recessed Downlight Fixture, 8 Inch, 18 Watts, 4000K",31.26,27.5,#N/A
RF408ICAT27WJ,"MaxLite LED J-Box 4"" Downlights, JA8, 2700K",15.96,13.75,#N/A
RF408ICAT30W,"MaxLite LED J-Box 4"" Downlights, 3000K",15.63,13.13,#N/A
RF408ICAT40W,"MaxLite LED J-Box 4"" Downlights, 4000K",15.63,13.44,#N/A
RF610ICAT27WJ,"MaxLite LED J-Box 6"" Downlights, JA8, 2700K",17.29,14.69,#N/A
RF610ICAT30W,"MaxLite LED J-Box 6"" Downlights, 3000K",16.96,14.38,#N/A
RF610ICAT40W,"MaxLite LED J-Box 6"" Downlights, 4000K",16.96,14.38,#N/A
RKT2014U4035DV,"MaxLite Recessed Troffer Retrofit Kit, 20 Inch, 40 Watt, 3500K, Dimmable",39.9,33.13,#N/A
RL-4818U-40,"Maxlite Cooler and Freezer Lamp, 48 Inches, 18 Watt",26.79,22.53,#N/A
RL-6022U-40,"Maxlite Cooler and Freezer Lamp, 60 Inches, 22 Watt",29.61,26.5,#N/A
RL-7226U-40,"Maxlite Cooler and Freezer Lamp, 72 Inches, 26 Watt",32.43,29.15,#N/A
RR-409U-30W,"MaxLite Downlight Retrofit Fixture, 4 Inch, 9 Watt, 3000K",22.61,16.88,#N/A
RR-409U-40W,"MaxLite Downlight Retrofit Fixture, 4 Inch, 9 Watt, 4000K",22.61,16.88,#N/A
RR-409U-50W,"MaxLite Downlight Retrofit Fixture, 4 Inch, 9 Watt, 5000K",22.61,16.88,#N/A
RR-613U-30W,"MaxLite Downlight Retrofit Fixture, 6 Inch, 13 Watt, 3000K",27.93,20.63,#N/A
RR-613U-40W,"MaxLite Downlight Retrofit Fixture, 6 Inch, 13 Watt, 4000K",27.93,20.63,#N/A
RR-613U-50W,"MaxLite Downlight Retrofit Fixture, 6 Inch, 13 Watt, 5000K",27.93,20.63,#N/A
RR41027W-L9,"MaxLite Residential Retrofit, 4 Inch, 10 Watt, 2700K",6.32,5,#N/A
RR41030W-L9,"MaxLite Residential Retrofit, 4 Inch, 10 Watt, 3000K",6.32,5,#N/A
RR41040W-L9,"MaxLite Residential Retrofit, 4 Inch, 10 Watt, 4000K",6.32,5,#N/A
RR41227WC,"MaxLite Recessed Downlight Fixture, 4 Inch, 12 Watt, High CRI",7.65,6.56,#N/A
RR41530W-V2,"MaxLite Commercial Downlight Retrofit, 4 Inch, 15 Watt",53.75,,#N/A
RR42340W,"MaxLite Commercial Downlight Retrofit, 4 Inch, 23 Watt",53.75,,#N/A
RR61127W-L9,"MaxLite Residential Retrofit, 6 Inch, 11 Watt, 2700K",8.31,7.19,#N/A
RR61130W-L9,"MaxLite Residential Retrofit, 6 Inch, 11 Watt, 3000K",8.31,7.19,#N/A
RR61140W-L9,"MaxLite Residential Retrofit, 6 Inch, 11 Watt, 4000K",8.31,7.19,#N/A
RR61530W-V2,"MaxLite Commercial Downlight Retrofit, 6 Inch, 15 Watt",45.63,,#N/A
RR61827W-L9,"MaxLite Recessed Downlight, 6 Inch, 18 Watt, 2700K",9.98,8.44,#N/A
RR61830W-L9,"MaxLite Recessed Downlight, 6 Inch, 18 Watt, 3000K",9.98,8.44,#N/A
RR81527W-V2,"MaxLite Commercial Downlight Retrofit, 8 Inch, 14 Watt",51.25,,#N/A
RR82327W,"MaxLite Commercial Downlight Retrofits, 8 Inch, 23 Watt",58.52,51.25,#N/A
RR91530W-V2,"MaxLite Commercial Downlight Retrofit, 9 Inch, 14 Watt",51.25,,#N/A
RRECO61230-W-V2,"MaxLite Commercial Downlight Retrofit, Economic, 6 Inch, 12 Watt, 3000K, Dimmable",55.86,48.13,#N/A
RRECO61240-W-V2,"MaxLite Commercial Downlight Retrofit, Economic, 6 Inch, 12 Watt, 4000K, Dimmable",55.86,48.13,#N/A
RRECO61830W-V2,"MaxLite Commercial Downlight Retrofit, Economic, 6 Inch, 18 Watt, 3000K, Dimmable",57.19,49.38,#N/A
RRECO61840W-V2,"MaxLite Commercial Downlight Retrofit, Economic, 6 Inch, 18 Watt, 4000K, Dimmable",57.19,49.38,#N/A
RRECO62730-W-V2,"MaxLite Commercial Downlight Retrofit, Economic, 6 Inch, 27 Watt, 3000K, Dimmable",61.18,53.75,#N/A
RRECO62740-W-V2,"MaxLite Commercial Downlight Retrofit, Economic, 6 Inch, 27 Watt, 4000K, Dimmable",61.18,53.75,#N/A
RRECO81230-W-V2,"MaxLite Commercial Downlight Retrofit, Economic, 8 Inch, 12 Watt, 3000K, Dimmable",61.18,53.75,#N/A
RRECO81240-W-V2,"MaxLite Commercial Downlight Retrofit, Economic, 8 Inch, 12 Watt, 4000K, Dimmable",61.18,53.75,#N/A
RRECO81830-W-V2,"MaxLite Commercial Downlight Retrofit, Economic, 8 Inch, 17 Watt, 3000K, Dimmable",62.51,53.75,#N/A
RRECO81840-W-V2,"MaxLite Commercial Downlight Retrofit, Economic, 8 Inch, 17 Watt, 4000K, Dimmable",62.51,53.75,#N/A
RRECO82440W-V2,"MaxLite Commercial Downlight Retrofit, Economic, 8 Inch, 23 Watt, Dimmable",65.17,56.25,#N/A
RRECO84040W-V2,"MaxLite Commercial Downlight Retrofit, Economic, 8 Inch, 40 Watt, Dimmable",74.48,63.75,#N/A
RRXC10U30,"MaxLite RRC Light Engine, 9.6 Watts, 3000K",62.51,53.75,#N/A
RRXC10U35,"MaxLite RRC Light Engine, 9.6 Watts, 3500K",62.51,53.75,#N/A
RRXC10U40,"MaxLite RRC Light Engine, 9.6 Watts, 4000K",62.51,53.75,#N/A
RRXC12U30ZEM,"MaxLite RRC Light Engine, 12 Watts, with Emergency Battery Backup, 3000K",210.14,193.75,#N/A
RRXC12U35ZEM,"MaxLite RRC Light Engine, 12 Watts, with Emergency Battery Backup, 3500K",210.14,193.75,#N/A
RRXC12U40ZEM,"MaxLite RRC Light Engine, 12 Watts, with Emergency Battery Backup, 4000K",210.14,193.75,#N/A
RRXC15U27Z,"MaxLite RRC Light Engine, 13.3 Watts, 2700K",63.84,55,#N/A
RRXC15U30,"MaxLite RRC Light Engine, 13.3 Watts, 3000K",63.84,55,#N/A
RRXC15U30ZEM,"MaxLite RRC Light Engine, 13.3 Watts, with Emergency Battery Backup, 3000K",211.47,195,#N/A
RRXC15U35,"MaxLite RRC Light Engine, 13.3 Watts, 3500K",63.84,55,#N/A
RRXC15U35ZEM,"MaxLite RRC Light Engine, 13.3 Watts, with Emergency Battery Backup, 3500K",211.47,195,#N/A
RRXC15U40,"MaxLite RRC Light Engine, 13.3 Watts, 4000K",63.84,55,#N/A
RRXC15U40ZEM,"MaxLite RRC Light Engine, 13.3 Watts, with Emergency Battery Backup, 4000K",211.47,195,#N/A
RS-482XT8,"MaxLite LED T8 Lamp Ready, 4 Foot, Retrofit Strip, Dimmable",25.38,21.86,#N/A
RS-4835U-40,"MaxLite LED Retrofit Strip, 4 Foot, 35 Watt, Dimmable, 4000K",62.51,53.75,#N/A
RS-4835U-50,"MaxLite LED Retrofit Strip, 4 Foot, 35 Watt, Dimmable, 5000K",62.51,53.75,#N/A
RS-4846U-50,"MaxLite LED Retrofit Strip, 4 Foot, 46 Watt, Dimmable",74.48,63.75,#N/A
S4VT1S00BZ,"Maxlite Single Square Vertical Pole Tenon, 4 Inches",49.21,40,#N/A
SEC15U40BPC,"MaxLite Security Light w/ Photocontrol, 15 Watt, 4000K",85.12,61.88,#N/A
SEC15U50BPC,"MaxLite Security Light w/ Photocontrol, 15 Watt, 5000K",85.12,61.88,#N/A
SKFHBP,"MaxLite High Bay, Corn Lamp Ready Fixture, E39 Socket",51.87,42.5,#N/A
SKPT20,"Maxlite Post Top Retrofit, 20 Watt, E26 Base",53.2,47.5,#N/A
SKPT30,"Maxlite Post Top Retrofit, 30 Watt, E39 Base",87.78,78.38,#N/A
SKPT50,"Maxlite Post Top Retrofit, 50 Watt, E39 Base",93.1,83.13,#N/A
SL-48421-50,"MaxLite Shop Light, 4 Foot, 42 Watt",25.27,22.5,#N/A
SM1H65,"MaxLite Channel Letter Modules, Gen 2 High Output, 1 Chip, .54 Watts, 100 Module Strip",77.15,67.5,#N/A
SM1N65,"MaxLite Channel Letter Modules, Gen 2, 1 Chip, .36 Watts, 200 Module Strip",133,115,#N/A
SM2H65,"MaxLite Channel Letter Modules, Gen 2 High Output, 2 Chip, 1.08 Watts, 100 Module Strip",98.42,86.25,#N/A
SM2N65,"MaxLite Channel Letter Modules, Gen 2, 2 Chip, .72 Watts, 100 Module Strip",73.15,63.75,#N/A
SM3H65,"MaxLite Channel Letter Modules, Gen 2 High Output, 3 Chip, 1.62 Watts, 100 Module Strip",126.35,110,#N/A
SM3N65,"MaxLite Channel Letter Modules, Gen 2, 3 Chip, 1 Watts, 100 Module Strip",1.33,1.25,#N/A
SM4H65,"MaxLite Channel Letter Modules, Gen 2 High Output, 4 Chip, 2.16 Watts, 50 Module Strip",1.33,1.25,#N/A
SM4N65,"MaxLite Channel Letter Modules, Gen 2, 4 Chip, 1.44 Watts, 100 Module Strip",1.33,1.25,#N/A
TH-R2G10MR-W,"MaxLite Track Head Round Style 2, GU10 Base",16.25,,#N/A
TH-S1E26P30-W,"MaxLite Track Head Square Style 1, E26 Base",21.25,,#N/A
TR2.37BZ,"Maxlite Round Tenon Reducer, 2-3/8 Inches to 1/2 Inches NPT HUB",19.95,15.94,#N/A
TRK22D2335,"MaxLite LED Troffer Retrofit Kit, 2x2 Foot, 23 Watt, Dimmable, 3500K",61.18,52.5,#N/A
TRK22D2340,"MaxLite LED Troffer Retrofit Kit, 2x2 Foot, 23 Watt, Dimmable, 4000K",61.18,52.5,#N/A
TRK22D2350,"MaxLite LED Troffer Retrofit Kit, 2x2 Foot, 23 Watt, Dimmable, 5000K",61.18,52.5,#N/A
TRK24D3335,"MaxLite LED Troffer Retrofit Kit, 2x4 Foot, 33 Watt, Dimmable, 3500K",73.15,63.75,#N/A
TRK24D3340,"MaxLite LED Troffer Retrofit Kit, 2x4 Foot, 33 Watt, Dimmable, 4000K",73.15,63.75,#N/A
TRK24D3350,"MaxLite LED Troffer Retrofit Kit, 2x4 Foot, 33 Watt, Dimmable, 5000K",73.15,63.75,#N/A
U13T8DF235,"MaxLite LED DirectFit T8 U-Bend Lamps, G13 Pin Base, 3500K",15.1,13.13,#N/A
U13T8DF240,"MaxLite LED DirectFit T8 U-Bend Lamps, G13 Pin Base, 4000K",15.1,13.13,#N/A
U13T8DF250,"MaxLite LED DirectFit T8 U-Bend Lamps, G13 Pin Base, 5000K",15.1,13.13,#N/A
U15.5T8SE235,"MaxLite LED Internal Driver T8 U-Bend Lamps, Plastic, G13 Pin Base, 15 Watt, 3500K",16.1,14.25,#N/A
U15.5T8SE240,"MaxLite LED Internal Driver T8 U-Bend Lamps, Plastic, G13 Pin Base, 15 Watt, 4000K",16.1,14.25,#N/A
U15.5T8SE250,"MaxLite LED Internal Driver T8 U-Bend Lamps, Plastic, G13 Pin Base, 15 Watt, 5000K",16.1,14.25,#N/A
V5ST19DLED22,"Maxlite LED Filament Lamp, ST19, 5 Watt, Dimmable",5.64,,5113
VT-V4840U-40,"MaxLite TriMAX Vapor Tight Fixture, 4 Foot, 40 Watt, Dimmable",78.47,70,#N/A
WP-ADL50U-40B,"MaxLite Large Adjustable Wall Pack, 50 Watt, 4000K",135.66,108.75,#N/A
WP-ADL50U-50B,"MaxLite Large Adjustable Wall Pack, 50 Watt, 5000K",135.66,108.75,#N/A
WP-ADL70U-50B,"MaxLite Large Adjustable Wall Pack, 70 Watt, 5000K",172.9,137.5,#N/A
WP-ADS15U-40B,"MaxLite Small Adjustable Wall Pack, 15 Watt, 4000K",74.48,51.25,#N/A
WP-ADS15U-50B,"MaxLite Small Adjustable Wall Pack, 15 Watt, 5000K",74.48,51.25,#N/A
WP-ADS20U-40B,"MaxLite Small Adjustable Wall Pack, 20 Watt, 4000K",86.45,63.75,#N/A
WP-ADS20U-50B,"MaxLite Small Adjustable Wall Pack, 20 Watt, 5000K",86.45,63.75,#N/A
WP-ADS29U-40B,"MaxLite Small Adjustable Wall Pack, 29 Watt, 4000K",98.42,75,#N/A
WP-ADS29U-50B,"MaxLite Small Adjustable Wall Pack, 29 Watt, 5000K",98.42,75,#N/A
WP-OP120-40B,"MaxLite WallMax Wall Pack, 120 Watt, Dimmable, 4000K",183.54,150,#N/A
WP-OP120-50B,"MaxLite WallMax Wall Pack, 120 Watt, Dimmable, 5000K",183.54,150,#N/A
WP-OP28-40B,"MaxLite WallMax Wall Pack, 28 Watt, Dimmable, 4000K",94.43,81.25,#N/A
WP-OP28-50B,"MaxLite WallMax Wall Pack, 28 Watt, Dimmable, 5000K",94.43,81.25,#N/A
WP-OP40-40B,"MaxLite WallMax Wall Pack, 40 Watt, Dimmable, 4000K",102.41,88.75,#N/A
WP-OP40-50B,"MaxLite WallMax Wall Pack, 40 Watt, Dimmable, 5000K",102.41,88.75,#N/A
WP-OP50-40B,"MaxLite WallMax Wall Pack, 50 Watt, Dimmable, 4000K",113.05,93.75,#N/A
WP-OP50-50B,"MaxLite WallMax Wall Pack, 50 Watt, Dimmable, 5000K",113.05,93.75,#N/A
WP-OP80-40B,"MaxLite WallMax Wall Pack, 80 Watt, Dimmable, 4000K",152.95,125,#N/A
WP-OP80-50B,"MaxLite WallMax Wall Pack, 80 Watt, Dimmable, 5000K",152.95,125,#N/A
WP-WMP90UT2,"MaxLite Architectural Wall Pack, 90W, Dimmable",125,,#N/A
WP-WMP90UT2-50B,"MaxLite Architectural Wall Pack, 90W, Dimmable",198.17,125,#N/A
