productcode,productprice,productprice
10.5BR40DIM-8CCTD,11.15,
10.5T5HO-2F-830-DIR,320.74,
10.5T5HO-2F-835-DIR,320.74,
10.5T5HO-2F-840-DIR,320.74,
10.5T8-3F-830-EXT,226.75,
10.5T8-3F-835-EXT,226.75,
10.5T8-3F-840-EXT,226.85,
10.5T8-4F-830-BYP,278.75,
10.5T8-4F-830-DIR,204.0,
10.5T8-4F-830-IS-DIR,168.25,
10.5T8-4F-835-BYP,278.75,
10.5T8-4F-835-DIR,204.0,
10.5T8-4F-835-IS-DIR,168.25,
10.5T8-4F-840-BYP,278.75,
10.5T8-4F-840-DIR,204.0,
10.5T8-4F-840-IS-DIR,168.25,
10.5T8-4F-850-BYP,278.75,
10.5T8-4F-850-DIR,204.0,
10.5T8-4F-850-IS-DIR,168.25,
100HID-840-277V-EX39,165.98,
100HID-850-277V-EX39,165.98,
100HMX50,103.74,
10A19DIM-827,11.02,
10A19DIM-830,11.02,
10A19DIM-840,11.02,
10A19DLED927-G2-JA8,3.18,
10A19DLED930-G2-JA8,2.65,
10CPUAGULED927,9.87,
10CPUAGULED930,9.87,
10CPUALED927,9.87,
10CPUALED930,9.87,
10DL4DIM-927,13.36,
10DL4DIM-930,13.36,
10DL4DIM-940,13.36,
10DL6DIM-830,14.27,
10G25DLED927-JA8,4.59,
10NCDLR4DIM-927-EXT,23.5,
10NCDLR4DIM-930-277V-EXT,30.78,
10NCDLR4DIM-930-EXT,23.5,
10NCDLR4DIM-935-277V-EXT,30.78,
10NCDLR4DIM-940-277V-EXT,30.78,
10NCDLR4DIM-940-EXT,23.5,
10P30NDV30FL,2.93,
10P30NDV50FL,2.93,
10PUAGULED27,6.38,
10PUAGULED30,6.38,
10PUALED30,6.38,
10PUBDLED927-JA8,9.52,
10PUBDLED930-JA8,5.25,
10PUBGUDLED27-JA8,9.52,
10PUBGUDLED30-JA8,5.25,
10PUBLED27,5.57,
10PUBLED30,5.57,
10SMPR5.5DIM-927,17.13,
10SMPR5.5DIM-930,17.13,
10SMPR5.5DIM-940,17.13,
10SMPS5.5DIM-927,18.3,
10SMPS5.5DIM-930,18.3,
10SMPS5.5DIM-940,18.3,
11.5T5HO-2F-830-BYP,320.74,
11.5T5HO-2F-835-BYP,320.74,
11.5T5HO-2F-840-BYP,320.74,
11.5T8-4F-830-DEB,334.1,
11.5T8-4F-830-EXT,204.0,
11.5T8-4F-835-DEB,334.1,
11.5T8-4F-835-EXT,204.0,
11.5T8-4F-840-DEB,334.1,
11.5T8-4F-840-EXT,204.0,
11.5T8-4F-850-DEB,334.1,
11.5T8-4F-850-EXT,204.0,
11.6DLNC6DIM-,23.37,
11BR30DLED927-G4,4.66,
11BR30DLED930-G4,4.66,
11BR40DIM-827,6.08,
11BR40DIM-830,6.08,
11DL6DIM-8CCTD,20.77,
11P30D27-,4.46,
11P30D30-,4.46,
11P30D40-,4.46,
11P30D50FL,4.46,
11P30WLND27-,4.46,
11P30WLND30-,4.46,
11P30WLND40-,4.46,
11PLV-930-DIR,15.96,
11SMDL6DIM-,22.07,
11T5HE-3F-EXT,320.74,
120PT40,143.64,
120PT50,143.64,
12A19DLED927-JA8,4.31,
12DL4DIM-,11.54,
12DL6DIM-927,14.27,
12DL6DIM-930,14.27,
12DL6DIM-940,14.27,
12G40DLED30,10.31,
12LB35AO,18.75,
12LB35HO,21.25,
12LB50,32.59,
12LB50AO,18.75,
12NCDLR6DIM-927-EXT,27.92,
12NCDLR6DIM-930-277V-EXT,35.07,
12NCDLR6DIM-930-EXT,27.92,
12NCDLR6DIM-935-277V-EXT,35.07,
12NCDLR6DIM-940-277V-EXT,35.07,
12NCDLR6DIM-940-EXT,27.92,
12P30DLED927FL-JA8,6.19,
12P30DLED930FL-JA8,6.19,
12P30LNDLED927FL-JA8,6.98,
12P30LNDLED930FL-JA8,6.98,
12PL03HG24QLED27,11.55,
12PL03HG24QLED30,11.55,
12PL03HG24QLED35,11.55,
12PL03HG24QLED40,11.55,
12PL03HG24QLED50,11.55,
12PLG24Q-27,9.84,
12PLG24Q-35,9.84,
12PLG24Q-40,9.84,
12T5HE-3F-BYP,320.74,
12T5HE-3F-DIR,320.74,
12T8-3F-BYP,226.75,
12T8-3F-BYP-FF,278.75,
12T8-3F-DEB,337.35,
13.5T5HE-4F-EXT,320.74,
13P30LNLED230FL,12.7,
13P30LNLED240FL,12.7,
13P38DLED30NF,3.81,
13P38WD27FL,7.78,
13P38WD30FL,7.78,
13P38WD40FL,7.78,
13P38WD50FL,7.78,
13PAR30-9-FL40-277V,23.37,
13PAR30DIM-,18.95,
13PAR30SNDIM-,20.25,
13PLL-830-GL-DIR,17.26,
13PLL-835-GL-DIR,17.26,
13PLL-840-GL-DIR,17.26,
13T8-4F-840-IS-DIR,168.25,
13T8-4F-840-IS-DIR-0001,168.35,
13T8-4F-850-IS-DIR,168.25,
13T8-4F-BYP,204.0,
13T8-4F-BYP-FF,259.25,
13T8-4F-DIR,204.0,
14.5PLH-DIR,22.07,
14.5PLL-835-GL-DIR,17.26,
14.5PLL-840-GL-DIR,17.26,
14.5SMDL6DIM-840,22.72,
14.5SMDL6DIM-927,22.72,
14.5SMDL6DIM-930,22.72,
14.5T5HE-4F-BYP,320.74,
14.5T5HO-3F-830-BYP,320.74,
14.5T5HO-3F-835-BYP,320.74,
14.5T5HO-3F-840-BYP,320.74,
14.5T5HO-3F-DIR,320.74,
14.5T8-4F-BYP,278.75,
14.5T8-4F-DEB,337.35,
14.5T8U6-EXT,235.2,
14070B,11.5,
14073,14.99,
14A19-3WLED27,7.78,
14A19-3WLED30,7.78,
14A19-827-3WAY,19.47,
14A21DIM-827,12.71,
14A21DIM-830,12.71,
14A21DIM-840,12.71,
14CDLA4-277V,60.16,
14T8-4F-DEB,249.6,
14T8-4F-EXT,204.0,
15.5BR40DIM-827,6.47,
15.5BR40DIM-830,6.47,
15.5PLH-BYP,23.5,
15A21DIM-927,19.47,
15P38DLED927FL-JA8,9.18,
15P38DLED930FL-JA8,9.18,
15P38WD27FL,8.25,
15P38WD30FL,8.25,
15P38WD40FL,8.25,
15SMPR7DIM-,23.24,
15SMPR7DIM-277V,27.14,
15SMPR7DIM-R,24.28,
15SMPS7DIM-,23.76,
15SMPS7DIM-277V,27.66,
15SMPS7DIM-R,24.93,
15T5HE-4F-830-GL-DIR,267.7,
15T5HE-4F-835-GL-DIR,267.7,
15T5HE-4F-840-GL-DIR,267.7,
15T5HE-4F-DIR-R,320.74,
15T8T5HEDRIVER-2CH,14.79,
15T8T5HEDRIVER-4CH,19.99,
16.5A21-277V,37.93,
16.5PLV-BYP,24.93,
16540,38.0,
16T8-4F-BYP,204.0,
16T8-4F-BYP-FF,259.25,
16T8U6-DIR,235.2,
17.5T8-4F-GOLD-BYP,555.0,
17A21DIM-GU24,20.64,
17BR40DLED27-G3,7.25,
17BR40DLED30-G3,7.25,
17BR40DLED40-G3,7.25,
17P38LED230FL,21.68,
17P38LED240FL,21.68,
17PAR38-9-FL40-277V,29.87,
17PAR38DIM-,24.15,
17PAR38DIM-930FL40-GU24,24.15,
17PLV-DIR,23.5,
17T8-4F-DEB,249.6,
17T8U6-830-BYP,235.2,
17T8U6-840-BYP,235.2,
17T8U6-850-BYP,235.2,
18CDL6DIM-830-277V,76.67,
18CDL6DIM-835-277V,76.67,
18CDL6DIM-840-277V,76.67,
18DL6DIM-927,19.73,
18DL6DIM-930,19.73,
18DL6DIM-940,19.73,
19.5PAR30HO-277V,34.55,
1FS14-820-A,5.43,
1FS14-827,5.04,
2.5G4LED27,7.05,
2.5WDGLED27,7.05,
20HIDWP-840-277V-E26,55.09,
20HIDWP-850-277V-E26,55.09,
20SMPR9DIM-,33.77,
20SMPR9DIM-277V,37.15,
20SMPS9DIM-,34.42,
20SMPS9DIM-277V,37.67,
21CDLA6-277V-R,66.14,
22.5STRIPDIM-277V,79.53,
22T5HO-4F-EXT,320.74,
22TRMG4DIM-B-,77.84,
22TRMG4DIM-W-,77.84,
24.5NCDLR8DIM-927-EXT,39.62,
24.5NCDLR8DIM-930-277V-EXT,44.04,
24.5NCDLR8DIM-930-EXT,39.62,
24.5NCDLR8DIM-935-277V-EXT,44.04,
24.5NCDLR8DIM-940-277V-EXT,44.04,
24.5NCDLR8DIM-940-EXT,39.62,
24CDL8DIM-830-277V,88.76,
24CDL8DIM-835-277V,88.76,
24CDL8DIM-840-277V,88.76,
24LB27,26.25,
24LB35,26.25,
24LB50,26.25,
24T5HO-4F-830-GL-DIR,267.7,
24T5HO-4F-835-GL-DIR,267.7,
24T5HO-4F-840-GL-DIR,267.7,
24T5HO-4F-850-GL-DIR,267.7,
24T5HO-4F-DIR-R,320.74,
24T5HODRIVER-2CH,22.2,
24T5HODRIVER-4CH,29.61,
25HID-277V-E26,53.27,
25HID-830-277V-EX39,53.27,
25HID-840-277V-EX39,53.27,
25HID-850-277V-EX39,53.27,
25PAR38HO-927NF25-277V,41.57,
25PAR38HO-930FL40-277V,41.57,
25PAR38HO-930NF25-277V,41.57,
25PAR38HO-940FL40-277V,41.57,
25PAR38HO-940NF25-277V,41.57,
25T5HO-4F-BYP,355.06,
25TROF22DIM-277V,95.52,
25TROFKIT22DIM-277V,95.52,
26TROF14DIM-835-277V,118.79,
26TROF14DIM-840-277V,118.79,
27CDLA8-277V,76.41,
2LHB100L50W3,78.64,
2LHB150L50W3,104.09,
2LHB200L50W3,124.8,
2LHB310L50W4*,181.12,
2LHB80L50W3-,71.47,
3.3FB11DIM-927,7.12,
3.3FB11DIM-927-E26,7.38,
3.5FT10DIM-822-A,12.32,
3.5PLS-835-BYP-2G7,12.06,
3.5PLS-HYB-G23,10.89,
3.8FB11DIM-827-FR,5.69,
3.8FG25DIM-927,7.9,
30CDL9.5DIM-830-277V,106.44,
30CDL9.5DIM-835-277V,106.44,
30CDL9.5DIM-840-277V,106.44,
30PAN22DIM-277V,73.16,
30TROF24DIM-277V,118.79,
30TROFKIT24DIM-277V,118.79,
33TRLG4DIM-B-,108.52,
33TRLG4DIM-W-,108.52,
35HIDLB-BYP-E26,59.25,
35HIDLB-BYP-EX39,59.25,
36LBLV40,21.25,
36PT40,46.55,
36PT50,46.55,
36RDL30,23.75,
36RDL41,23.75,
36RDL50,23.75,
36TROF14DIM-277V,118.79,
37HID-277V-E26,62.11,
37HID-277V-EX39,62.11,
38.5STRIPDIM-277V,118.53,
38PAN24DIM-277V,102.54,
3FT6DIM-820-A,6.99,
3G9LED27,5.59,
3HBA150L50BK2-,123.2,
3HBA60L50BK1-,71.12,
3MR11-8-NF30,10.37,
4.5FBA11DIM-820-FT-A,7.51,
4.5FG25DIM-827,11.54,
4.5FG25DIM-827-SB,11.54,
40HIDWP-277V-E26,68.87,
40HIDWP-277V-EX39,68.87,
40HMX50,49.21,
45CDLA9.5-277V,96.95,
48LB27,42.5,
48LB35,42.5,
48LB50,42.5,
4BARFLEXTUSB,429.99,
4BARTRIUSB,449.99,
4BARUSB,349.99,
4BL35L50B1P,81.45,
4BL45L50B1P,93.87,
4FG16.5DIM-820-A,5.95,
4FG16.5DIM-827,5.56,
4FG16.5DIM-827-E26,5.69,
4FG25DIM-820-A,8.16,
4FL100L50B1,161.94,
4FL120L50B1,190.05,
4FL80L50B1,142.86,
4FST19DIM-820-A,7.64,
4PLAY,229.99,
4SB140L50B2I-,234.42,
4SQ-SP-D,24.92,
4SQR-SP-D,30.24,
4WP40L50B1,92.64,
4WP60L50B1,104.03,
4WP80L50B1,161.85,
5.5PLH-830-BYP-E26,13.62,
5.5PLH-835-BYP-E26,13.62,
5.5PLH-835-HYBM,13.75,
5.5PLH-840-BYP-E26,13.62,
5.5PLH-840-HYBM,13.75,
5.5PLH-DIR-R,10.89,
5.5PLS-835-BYP-2GX7,12.97,
5.5PLS-HYB-GX23,10.89,
5.5PLSH-827-HYB-GX23,12.58,
5.5PLSH-830-HYB-GX23,12.58,
5.5PLSH-835-HYB-GX23,12.58,
5.5PLSH-840-HYB-GX23,12.58,
5.5PLSV-827-HYB-GX23,12.58,
5.5PLSV-830-HYB-GX23,12.58,
5.5PLSV-835-HYB-GX23,12.58,
5.5PLSV-840-HYB-GX23,12.58,
5.5PLV-835-HYBM,14.4,
5.5PLV-840-HYBM,14.4,
54HID-277V-EX39,73.29,
54HIDWP-277V-EX39,82.39,
54PT40,53.2,
5FA19DIM-820-A,7.25,
5FA19DIM-827,6.86,
5FA19DIM-827-FR,7.25,
5FB11DIM-827,6.21,
5FB11DIM-827-E26,6.34,
5FG40DIM-827,17.26,
5G16.5DLED27,3.0,
5SQ-SP-D,27.16,
5SQR-SP-D,35.56,
6.5R20DIM-8CCTD,7.12,
60HMX50,55.86,
65HIDHB-BYP-EX39,85.12,
68HID-277V-EX39,113.98,
6A19DIM-827-R,2.96,
6A19DIM-830-R,2.96,
6CP20L,55.09,
6CP40L,66.81,
6CP55L,73.12,
6CP80L,99.99,
6CPL30L,57.08,
6G25DIM-827-R,8.94,
6G25DLED27-G2,2.94,
6GU10DIM-8-FL35,8.03,
6LB27,13.75,
6MR16DIM-,8.03,
6MR16DIM-35W,5.95,
6P20DLED30NF,1.76,
6PAR16DIM-8-FL35,8.03,
6PLE26LED27,8.65,
6PLE26LED30,8.65,
6PLG24QLED27,8.65,
6PLG24QLED30,8.65,
6PLG24QLED35,8.65,
6PLG24QLED40,8.65,
6PLG24QLED50,8.65,
6PLGU24LED27,8.65,
6PLGU24LED30,8.65,
6PLGU24LED40,8.65,
6PLGX23LED27,8.65,
6PLGX23LED35,8.65,
6PLGX23LED40,8.65,
6PLGX23LED50,8.65,
6PLV-DIR,12.97,
6SPOT,249.99,
7.5FA19DIM-820-A,8.16,
7.5FA19DIM-827,7.77,
7.5FA19DIM-827-SB,9.59,
7.5FA19DIM827-FR,8.42,
7.5MR16DIM-927FL35,18.56,
7.5MR16DIM-927NF25,18.56,
7.5MR16DIM-930FL35,18.56,
7.5MR16DIM-930NF25,18.56,
7.5R20DIM-827,4.52,
72RDL30,46.25,
72RDL50,43.75,
7BR20DLED27-G3,2.66,
7BR20DLED30-G3,2.66,
7BR20DLED40-G3,2.66,
7MR16D27FL,3.59,
7MR16D30FL,3.59,
7MR16DIM-927SP15,18.56,
7MR16DIM-930SP15,18.56,
7MR16GUDLED930FL-JA8,2.06,
7P20DLED927FL-JA8,3.86,
7P20DLED930FL-JA8,3.86,
8.5DLNC4DIM-,18.82,
8.5PLH-DIR,13.75,
8.5PLV-827-HYBM,15.7,
8.5PLV-830-HYBM,15.7,
8.5PLV-835-HYBM,15.7,
8.5PLV-840-HYBM,15.7,
8.5T8-2F-DEB,337.35,
80HMX50,90.44,
8A19DIM-827-R,3.74,
8A19DIM-830-R,3.74,
8A19DIM-840-R,3.74,
8BR30DLED40-G3,3.86,
8BR30DLED50-G3,3.86,
8PAR20DIM-,12.32,
8PLE26LED27,9.44,
8PLE26LED30,9.44,
8PLG24QLED27,9.44,
8PLG24QLED30,9.44,
8PLG24QLED35,9.44,
8PLG24QLED40,9.44,
8PLG24QLED50,9.44,
8PLGU24LED27,9.44,
8PLGU24LED30,9.44,
8PLGU24LED40,9.44,
8PLGX23LED27,9.44,
8PLGX23LED35,9.44,
8PLGX23LED40,9.44,
8PLGX23LED50,9.44,
8PLH-827-HYBM,15.05,
8PLH-830-HYBM,15.05,
8PLH-835-HYBM,15.05,
8PLH-840-HYBM,15.05,
8T5HE-2F-DIR,320.74,
8T8-2F-BYP,226.75,
8T8-2F-BYP-FF,278.75,
8T8-2F-DIR,226.75,
8T8-3F-DIR,207.35,
8TRSG4DIM-B-,35.07,
8TRSG4DIM-W-,35.07,
9.5A19DIM-8CCTD,8.94,
9.5BR30DIM-927,7.64,
9.5BR30DIM-927-GU24,16.35,
9.5BR30DIM-927-R,16.35,
9.5PLV-DIR,14.4,
9.5T5HE-2F-BYP,320.74,
9.5T5HE-2F-EXT,320.74,
9.5T8-2F-EXT,226.75,
90HIDHB-BYP-EX39,116.97,
9A19-827-277V,13.1,
9A19-830-277V,13.1,
9A19-840-277V,13.1,
9A19DIM-827-GU24,9.72,
9A19DIM-830-GU24,9.72,
9A19DIM-840-GU24,9.72,
9A19DIM-927,9.72,
9A19DIM-927-GU24,7.9,
9A19DIM-930,4.26,
9A19DIM-940,4.26,
9BR30DIM-827,3.48,
9BR30DIM-830,3.48,
9BR30DIM-840,3.48,
9BR30DIM-8CCTD,9.07,
9BR30SDLED30,8.45,
9FA19DIM-927,11.28,
9PUADLED27,13.91,
9PUADLED30,13.91,
A15AMB5ANT-822-LED2,3.89,
A15CL5ANT-827-LED2,3.89,
A15FR5-827-OMNI2-LED,4.01,
A15FR5-830-OMNI2-LED,4.01,
A15FR5-840-OMNI2-LED,4.01,
A15FR5-850-OMNI2-LED,4.01,
A19-60WE-8.5W27K,1.25,
A19-60WE-9.5W50K,2.15,
A19-60WE-9.5WD50K,2.15,
A19-60WE-9WD27K,1.91,
A19-8PK-9W-30K-D,21.74,
A19-8PK-9W-40K-D,21.74,
A19-8PK-9W-50K-D,21.74,
A19-FLA-7W-27K-D,8.74,
A19-FLA-7W-40K-D,8.74,
A19AMB5ANT-827-LED2,3.89,
A19AMB6ANT-822-CF-LED2,8.29,
A19AMB8ANT-822-LED2,5.19,
A19CL5ANT-827-LED2,3.89,
A19CL7ANT-830-LED2,5.19,
A19CL8ANT-827-LED2,5.19,
A19FR11-827-OMNI2-LED,5.04,
A19FR11-830-OMNI2-LED,5.04,
A19FR5-827-OMNI2-LED,2.33,
A19FR5-830-OMNI2-LED,2.33,
A19FR6-827-ECO-LED,1.77,
A19FR6-830-ECO-LED,1.77,
A19FR8ANT-827-LED2,5.19,
A19FR9-827-OMNI2-LED,2.52,
A19FR9-830-OMNI2-LED,2.52,
A19FR9-840-OMNI2-LED,2.52,
A21-13W-30K-D,3.5,
A21-13W-50K-D,3.5,
A21FR16-827-OMNI2-LED,6.93,
A21FR16-830-OMNI2-LED,6.93,
A21FR16-840-OMNI2-LED,6.93,
A21FR16-850-OMNI2-LED,6.93,
A23-60WE-5WD22-FIL,5.78,
A51-150W,133.0,
A51-250W,182.5,
AA-145-BK,16.74,
AA-145-BR,16.74,
AA-146-BK,20.74,
AA-146-BR,20.74,
AA-148-BK,26.74,
AAL-7.7WA19-E26-K,244.0,
ABYSSUSB,319.99,
ACC-WM1,14.74,
ACC-WM2,34.74,
ACC-WM3,43.74,
ACP-24-40W-50K,114.4,
ACP-24-70W-50K,144.3,
AD-003-BK,23.74,
AD-003-BR,23.74,
AD-102-BK,23.74,
AD-102-BR,23.74,
AD-130-BK,15.74,
AD-130-BR,15.74,
AD-131-BK,18.74,
AD-131-BR,18.74,
AD-192-BK,27.74,
AD-192-BR,27.74,
AD-192-FBK,26.74,
AD4-LEM-90-DIM010-UNV-MD,94.22,
AD4-LES-90-DIM010-UNV-MD,86.81,
AD6-LEL-90-DIM010-UNV-MD,108.91,
AD6-LEM-90-DIM010-UNV-MD,94.22,
AD6-LES-90-DIM010-UNV-MD,86.81,
AD8-LEL-90-DIM010-UNV-MD,108.91,
AD8-LEM-90-DIM010-UNV-MD,94.22,
AD8-LES-90-DIM010-UNV-MD,86.81,
AD9.5-LEL-90-DIM010-UNV-MD,108.91,
AD9.5-LEM-90-DIM010-UNV-MD,94.22,
AE10-50,295.1,
AE15-50,352.3,
AE24-50,429.0,
AE32-50,530.4,
AES-HB320-ATG50K-D,432.9,
AES-HB505-ATG50K-D,607.1,
AESLF-40K-4FT-G2,100.1,
AESLF-50K-4FT-G2,100.1,
AFB50U641KSBSS,137.5,$115.00
AFC80U641KLBSS,262.5,
AGL-260-W020-Y1-Z1,137.8,
AGL-260-W035-Y1-Z1,156.0,
AGL-325-W100-Y1-Z1,288.6,
AGL-325-W50-Y1-Z1,206.7,
AHB-10W11A1BUP-5000KA,179.4,
AHB-15W12A1BUP-5000KA,187.2,
AHB-20W19A1BUS-5000KA,231.4,
AHB-30W26A1BUP-5000K,357.5,
AHB-40WA2B-5000K,538.2,
AHB-50WA2B-5000KA,660.4,
AHLB-420-W240-50K,347.1,
AHLB-420-W320-50K,413.4,
AHLB-421-W150-50K,265.2,
AL-100,120.0,
AL-250,147.5,
AL-320,165.0,
AL-400,196.25,
AL-4RLE-90-K,19.16,
AL-7RLE-90-K,30.11,
AL-LHB2P105W-50K-LA,128.7,
AL-LHB2P165W-50K-LA,154.7,
AL-LHB2P225W-50K-LA,180.7,
AL-LHB4P165W-50K-LA,193.7,
AL-LHB4P225W-50K-LA,206.7,
AL-LHB4P300W-50K-LA,258.7,
AL-PL40D22-H,202.8,
AL-PL54D24-H,306.8,
AL-SELD31US2-8-12,12.96,
AL-SELD31US2-8-9,11.01,
ALBE-150-40K,273.0,
ALBE-150-50K,273.0,
ALBE-220-40K-M,383.5,
ALBE-220-50K-M,383.5,
ALBE-300-40K-M,517.4,
ALBE-300-50K-M,517.4,
ALBE-75-40K,244.4,
ALBE-75-50K,244.4,
ALJ12-22U-G24Q,547.25,
ALJ16-22U-E26,547.25,
ALJ16-30U-E26,650.0,
ALJ16-50U-E26,396.9,
ALJ16-50U-E39,396.9,
ALJ16-80U-E39,268.22,
AO0039-011,0.45,
APL-11-A-E26,376.35,
APL-11-A-GU24,376.35,
APL-11-D-G24Q,376.35,
APL-11-D-GX23-2,376.35,
APL-6-A-E26,291.0,
APL-6-A-GU24,291.0,
APL-6-D-G24Q,291.0,
APL-6-D-GX23,291.0,
APLC18-D-6-8-G24Q,291.0,
APLC18-D-6-8-GX23-2,291.0,
APLC26-D-9-8-G24Q,376.25,
APLC26-D-9-8-GX23-2,376.25,
APLL-23W-2800-BP-40K,820.5,
AR02-100-A-50K-T3-,231.4,
AR02-150-A-50K-T3-,252.2,
AR02-200-A-50K-T3-,296.4,
AR02-300-A-50K-T3-,439.4,
AR02-60-A-50K-T3-,205.4,
AR04-120-A-K-T3-,314.6,
AR04-150-A-K-T3-,374.4,
AR04-200-A-K-T3-,413.4,
AR04-240-A-K-T3-,486.2,
AR04-320-A-K-T3-,577.2,
AR100LED50,200.83,$151.00
AR3-120,222.5,
AR3-150,247.5,
AR3-180,287.5,
AR40LED50,99.75,
AS-158-BK,23.74,
AS-158-BR,23.74,
AS-159-BK,23.74,
AS-159-BR,23.74,
AS11-50-T3,287.3,
AS15-50-T3,332.8,
AS30-50-T3,531.7,
ASB-150-840,258.7,
ASB-150-850,258.7,
ASB-200-850,364.0,
ASB-PLQ507-W050-P-B1-L1-,128.7,
ASB-PLQ507-W075-P-B1-L1-,148.75,
ASB-PLQ565-W100-P-B1-L2-,188.5,
ASB-PLQ565-W150-P-B1-L2-,215.8,
ASB-PLQ785-W200-P-B1-L2-,325.0,
ASB-PLQ785-W300-P-B1-L2-,401.7,
ASB-SBL-3-100W-50K-PC,241.8,
ASB-SBL-3-150W-50K-PC,274.3,
ASB-SBL-3-200W-50K-PC,352.3,
ASB-SBL-3-300W-50K-PC,465.4,
ASB-SBL-3-80W-50K-PC,234.0,
ASL-SELTF12-23W-8-,19.12,
ASL-SELTF6-12W-8-,13.77,
AT-R4-15W-XDZ-K,150.8,
AT-R4-25W-XDZ-K,158.6,
AT-R4-36W-XDZ-K,174.2,
AT-R7-25W-XDZ-K,210.6,
AT-R7-36W-XDZ-K,221.0,
AVT-2FT-20W-50K,65.0,
AVT-4FT-36W-50K,88.4,
AVT-8FT-70W-50K,140.4,
AWP-FWP01-100CT4A1-50K,161.2,
AWP-FWP01-40CT4A1-50K,91.0,
AWP-FWP01-60CT4A1-50K,106.6,
AWP-RWP02-40WCT1NA1-50K,89.7,
AWP-RWP02-80WCT1NA1-50K,150.8,
AWP-SWP01-100AA1-50K,148.2,
AWP-SWP01-40AA1-50K,94.9,
AWP-SWP01-60AA1-50K,124.8,
AWP-WPL-4-40W-50K,101.4,
AWP-WPL-4-60W-50K,128.7,
B11-40WE-4WD30K-V2,3.3,
B11-40WE-4WND50K-V2,3.3,
B11-60WE-5WD27-FIL,2.9,
B11AMB4ANT-822-LED2,3.89,
B11AMB5ANT-822-LED2,4.54,
B11CL2-ANT-827-E26-LED2,3.24,
B11CL2-ANT-827-LED2,3.24,
B11CL3-8-LED,4.41,
B11CL4-ANT-827-LED2,3.89,
B11CL4-ANT-830-LED2,3.89,
B11CL4ANT-827-E26-LED2,3.89,
B11CL5-8-E26-LED,5.04,
B11CL5-8-LED,5.04,
B11CL5ANT-827-E26-LED2,4.54,
B11CL5ANT-827-LED2,4.54,
B11CL5ANT-830-LED2,4.54,
B11FR2-ANT-827-LED2,3.24,
B11FR4-ANT-827-LED2,3.89,
B250,89.99,
B550,189.99,
BA11-60WE-5WD27E26-FIL,3.72,
BB-CSD-130W-C-57,173.25,
BCBLED22-30W-KMV-PRM-BES,56.25,
BCBLED22-32W-KMV-PRM-CP,55.0,
BCBLED24-40W-KMV-PRM-BES,73.75,
BCBLED24-50W-KMV-CP,66.25,
BF12AUD30,50.54,
BF12AUD50,50.54,
BF30AUD30,127.68,
BF30AUD50,127.68,
BFL-1000,420.0,
BFL-800,402.5,
BH2RBZ,155.61,
BH2S4BZ,234.08,
BH3RBZ,198.75,
BH4RBZ,273.98,
BL-CLRD17U-40B,331.17,
BL4ICLED-NND,8.75,
BL4ICLED-RND,7.81,
BL9ICLED-NND,8.75,
BL9ICLED-RND,8.13,
BLANK,0.0,
BLCSLED2FT,32.5,
BLCSLED3FT,42.5,
BLCSLED4FT,47.5,
BLCSLED8FT,87.5,
BLCSLEDSS2FT-20-KMV-ET,31.25,
BLCSLEDSS3FT-25-KMV-ET,37.5,
BLCSLEDSS4FT-35-KMV-ET,42.5,
BLCSLEDSS8FT-65-KMV-ET,82.5,
BLED-2T-BW-K,13.75,
BLED-2T-BW-SQ-K,15.0,
BLED-2T-GRW-SQ-K,16.25,
BLEDEM-BP-DM-20,71.5,
BLEDEM-CP-1200,62.5,
BLEDEM-CP-1600,68.75,
BLEDEM-CP-2000,75.0,
BLEDEM-CP-2400,81.25,
BLEDEM-CP-800,56.25,
BLHE-090DU40,99.75,
BLHE-090DU50,99.75,
BLHE-135DU40,103.75,$91.00
BLHE-135DU50,103.75,$91.00
BLHE-162DU40,111.25,$97.00
BLHE-162DU50,111.25,$97.00
BLHE-223DU50,150.0,
BLHE-321DU50,244.72,
BLHT4XT8USE4810,55.86,
BLHT6XT8USE4815,69.16,
BLHT8XT8USE4820,83.79,
BOBLED,99.99,
BOX-1000,441.25,
BP35AUT550BPM0,121.03,
BP45AUT550BPM0,127.68,
BR20-50WE-7WD50K,3.72,
BR30-65WE-12WD27K,3.72,
BR30-75WE-13.5WD27K,3.72,
BR30FL10-827-LED,3.84,
BR30FL10-830-LED,3.84,
BR30FL10-840-LED,3.84,
BR30FL10-850-LED,3.84,
BR30FL8-8-ECO-LED-6,14.76,
BR30FL8-827-ECO-LED,3.25,
BR30FL8-830-ECO-LED,3.25,
BR40-17W-30K-D,6.27,
BR40-17W-50K-D,6.27,
BR40-75WE-15WD27K,6.6,
BR40-90WE-17WD27K,3.72,
BR40-90WE-17WD50K,3.72,
BR40FL11-827-LED,7.15,
BR40FL11-830-LED,7.15,
BR40FL16-827-LED,8.45,
BR40FL16-830-LED,8.45,
BR40FL16-840-LED,8.45,
BR40FL16-850-LED,8.45,
BRI819P-B-D,32.48,
BRI819P-B-O,28.0,
BRI823,32.48,
BRK-LED2ICN-GR-6.5W-K-ECO,17.5,
BRK-LED34-DL-8W-K-ECO,11.25,
BRK-LED36-DL-14W-K-ECO,13.75,
BRK-LED4-BW-K-ECO-V2,7.5,
BRK-LED4-GR-K-ECO,7.5,
BRK-LED46-DK-12W-K-ECO,16.25,
BRK-LED4ICN-9W-K-ECO,11.25,
BRK-LED4ICN-GR-8W-K-ECO,17.5,
BRK-LED56-BW-K-ECO-V2,7.5,
BRK-LED56-GR-K-ECO,21.25,
BRK-LED56-SGR-K-ECO,22.5,
BRK-LED6A-BW-17W-K-ECO,23.75,
BRK-LED6ICN-11W-K-ECO,16.25,
BRK-LED6ICN-GR-11W-K-ECO,21.25,
BRK-LED8A-BW-27W-K-ECO,31.25,
BRK-LED8A-BW-54W-K-ECO,68.75,
BRKCBLED22-23W-KMV-PRM-ET,56.25,
BRKCBLED22-33W-KMV-PRM-ET,57.5,
BRKCBLED24-23W-KMV-PRM-ET,75.0,
BRKCBLED24-42W-KMV-PRM-ET,76.25,
BRKLCSLEDS4FT-23-KMV-ET,45.0,
BRKLCSLEDS8FT-42-KMV-ET,77.5,
BVTPLED-35-KMV,65.0,
BVTPLED-40-KMV,73.75,
BVTPLED-52-KMV,81.25,
BWALED4FT-40-KMV-ET,65.0,
CA10AMB4ANT-822-LED2,3.89,
CA10CL2ANT-827-E26-LED2,3.24,
CA10CL2ANT-827-LED2,3.24,
CA10CL4ANT-827-E26-LED2,3.89,
CA10CL4ANT-827-LED2,3.89,
CA10CL4ANT-830-LED2,3.89,
CA10CL5ANT-827-E26-LED2,4.54,
CA10CL5ANT-827-LED2,4.54,
CA10CL5ANT-830-LED2,4.54,
CA10FR2ANT-827-LED2,3.24,
CA10FR4ANT-827-LED2,3.89,
CBW-4L(40S)-8,85.8,
CDL2-45CW,110.74,
CDL2-45CW-M,209.74,
CDL2-45NW,110.74,
CDL2-45WW,110.74,
CDL2-60CW,190.74,
CDL2-60NW,190.74,
CDL2-60WW,190.74,
CDL2-80CW,219.74,
CDL2-80NW,219.74,
CDL2-80WW,219.74,
CEU3-,23.75,
CGL-100W-40K,151.74,
CGL-100W-50K,151.74,
CGL-40W-40K,89.74,
CGL-40W-50K,89.74,
CGL-55W-40K,106.74,
CGL-55W-50K,106.74,
CGL-75W-40K,142.74,
CGL-75W-50K,142.74,
CH-05,4.99,
CH03,89.99,
CHS-25,44.99,
CHS-40,34.99,
CHS-50,74.99,
CKXTEU,85.0,
CL-100,98.75,
CL-175,122.5,
CL-250,137.5,
CL-FLT-115W-50K-E39,166.74,
CL-FLT-54W-50K-E39,91.74,
CL-FLT-75W-50K-E39,140.74,
CL-HL-100W-30K-E39,129.74,
CL-HL-100W-50K-E39,129.74,
CL-HL-125W-30K-E39,152.74,
CL-HL-125W-50K-E39,152.74,
CL-HL-125W-50K-E39-NRW,178.74,
CL-HL-14W-30K-E26,23.74,
CL-HL-14W-50K-E26,23.74,
CL-HL-18W-30K-E26,27.74,
CL-HL-18W-50K-E26,27.74,
CL-HL-200W-50K-E39,362.74,
CL-HL-240W-50K-E39,388.74,
CL-HL-27W-30K-E26,49.74,
CL-HL-27W-50K-E26,49.74,
CL-HL-36W-30K-E26,49.74,
CL-HL-36W-30K-E39,49.74,
CL-HL-36W-50K-E26,49.74,
CL-HL-36W-50K-E39,49.74,
CL-HL-45W-30K-E39,62.74,
CL-HL-45W-50K-E39,62.74,
CL-HL-54W-30K-E39,63.74,
CL-HL-54W-50K-E39,63.74,
CL-HL-75W-30K-E39,115.74,
CL-HL-75W-50K-E39,115.74,
CL-PT2-40W-30K-E39,82.74,
CL-PT2-40W-50K-E39,82.74,
CLKSEN6-10MIN-927-120V,29.74,
CLKSEN6-10MIN-930-120V,29.74,
CLKSEN6-10MIN-940-120V,29.74,
CLP-10,12.99,
CLP-15,20.99,
CLP-15N,16.99,
CMS1-CL33BZ50-LED,103.94,
CMS2-CL58BZ50-LED,129.94,
CNE26-850-36P-M1-BP,50.39,
CNE39-850-100P-M1-BP,111.99,
CNE39-850-36P-M1-BP,51.79,
CNEX39-850-54P-M1-BP,55.99,
CNEX39-850-75P-M1-BP,79.79,
CNYXTE2RW-3,72.19,
COLORBANDH9USB,319.99,
COLORBANDPIXIP,379.99,
COLORBANDPIXMUSB,379.99,
COLORBANDPIXUSB,239.99,
COLORBANDT3USB,189.99,
COLORRAILIRC,179.99,
CONTYPE-H,1.37,
CONTYPE-H-20,12.74,
CORE3X3,399.99,
COREPAR40USB,169.99,
COREPAR80USB,269.99,
COREPARUVUSB,299.99,
CP60W27V50KD,71.4,
CP65W27V50KW,79.8,
CPL20AU40,83.79,
CPL20AU50,83.79,
CPL30AU40,97.09,
CPL30AU50,97.09,
CPL40AU40,109.06,
CPL40AU50,109.06,
CPL58AU40,148.96,
CPL58AU50,148.96,
CPLED-13-K,131.25,
CPLED-45W-5K-MV,75.0,
CPLED-5-K,81.25,
CPLED-80W-5K-MV,118.75,
CPS-RG3-2G11-09,9.95,
CPS4-D10W-XXT,34.3,
CPS4-D15W-XXT,36.4,
CPS4-D20W-XXT,38.5,
CPS6-D10W-XXT,35.7,
CPS6-D15W-XXT,37.8,
CPS6-D20W-XXT,39.9,
CPS8-D10W-XXT,37.1,
CPS8-D15W-XXT,39.2,
CPS8-D20W-XXT,41.3,
CRE-01-30K-BR,192.74,
CRE-01-30K-SIL,225.74,
CRE-01-40K-BR,192.74,
CRE-01-40K-SIL,225.74,
CRE-01-50K-BR,192.74,
CRE-01-50K-SIL,225.74,
CRE-02-30K-BR,215.74,
CRE-02-30K-SIL,251.74,
CRE-02-40K-BR,215.74,
CRE-02-40K-SIL,251.74,
CRE-02-50K-BR,215.74,
CRE-02-50K-SIL,251.74,
CRE-03-30K-BR,172.74,
CRE-03-30K-SIL,199.74,
CRE-03-40K-BR,172.74,
CRE-03-40K-SIL,199.74,
CRE-03-50K-BR,172.74,
CRE-03-50K-SIL,199.74,
CRE-04-30K-BR,177.74,
CRE-04-30K-SIL,211.74,
CRE-04-40K-BR,177.74,
CRE-04-40K-SIL,211.74,
CRE-04-50K-BR,177.74,
CRE-04-50K-SIL,211.74,
CRE-05-30K-BR,227.74,
CRE-05-30K-SIL,271.74,
CRE-05-40K-BR,227.74,
CRE-05-40K-SIL,271.74,
CRE-05-50K-BR,227.74,
CRE-05-50K-SIL,271.74,
CRE-06-30K-BR,172.74,
CRE-06-30K-SIL,199.74,
CRE-06-40K-BR,172.74,
CRE-06-40K-SIL,199.74,
CRE-06-50K-BR,172.74,
CRE-06-50K-SIL,199.74,
CRE-07-30K-BR,177.74,
CRE-07-30K-SIL,211.74,
CRE-07-40K-BR,177.74,
CRE-07-40K-SIL,211.74,
CRE-07-50K-BR,177.74,
CRE-07-50K-SIL,211.74,
CRE-08-30K-BR,177.74,
CRE-08-30K-SIL,211.74,
CRE-08-40K-BR,177.74,
CRE-08-40K-SIL,211.74,
CRE-08-50K-BR,177.74,
CRE-08-50K-SIL,211.74,
CRE-10-30K-BR,227.74,
CRE-10-30K-SIL,271.74,
CRE-10-40K-BR,227.74,
CRE-10-40K-SIL,271.74,
CRE-10-50K-BR,227.74,
CRE-10-50K-SIL,271.74,
CRE-HL20-01-30K-BR,227.74,
CRE-HL20-01-30K-SIL,259.74,
CRE-HL20-01-40K-BR,227.74,
CRE-HL20-01-40K-SIL,259.74,
CRE-HL20-01-50K-BR,227.74,
CRE-HL20-01-50K-SIL,259.74,
CRE-HL20-02-30K-BR,243.74,
CRE-HL20-02-30K-SIL,280.74,
CRE-HL20-02-40K-BR,243.74,
CRE-HL20-02-40K-SIL,280.74,
CRE-HL20-02-50K-BR,243.74,
CRE-HL20-02-50K-SIL,280.74,
CRE-HL20-03-30K-BR,200.74,
CRE-HL20-03-30K-SIL,227.74,
CRE-HL20-03-40K-BR,200.74,
CRE-HL20-03-40K-SIL,227.74,
CRE-HL20-03-50K-BR,200.74,
CRE-HL20-03-50K-SIL,227.74,
CRE-HL20-04-30K-BR,209.74,
CRE-HL20-04-30K-SIL,243.74,
CRE-HL20-04-40K-BR,209.74,
CRE-HL20-04-40K-SIL,243.74,
CRE-HL20-04-50K-BR,209.74,
CRE-HL20-04-50K-SIL,243.74,
CRE-HL20-05-30K-BR,256.74,
CRE-HL20-05-30K-SIL,299.74,
CRE-HL20-05-40K-BR,256.74,
CRE-HL20-05-40K-SIL,299.74,
CRE-HL20-05-50K-BR,256.74,
CRE-HL20-05-50K-SIL,299.74,
CRE-HL20-06-30K-BR,200.74,
CRE-HL20-06-30K-SIL,227.74,
CRE-HL20-06-40K-BR,200.74,
CRE-HL20-06-40K-SIL,227.74,
CRE-HL20-06-50K-BR,200.74,
CRE-HL20-06-50K-SIL,227.74,
CRE-HL20-07-30K-BR,209.74,
CRE-HL20-07-30K-SIL,243.74,
CRE-HL20-07-40K-BR,209.74,
CRE-HL20-07-40K-SIL,243.74,
CRE-HL20-07-50K-BR,209.74,
CRE-HL20-07-50K-SIL,243.74,
CRE-HL20-08-30K-BR,209.74,
CRE-HL20-08-30K-SIL,243.74,
CRE-HL20-08-40K-BR,209.74,
CRE-HL20-08-40K-SIL,243.74,
CRE-HL20-08-50K-BR,209.74,
CRE-HL20-08-50K-SIL,243.74,
CRE-HL20-10-30K-BR,256.74,
CRE-HL20-10-30K-SIL,299.74,
CRE-HL20-10-40K-BR,256.74,
CRE-HL20-10-40K-SIL,299.74,
CRE-HL20-10-50K-BR,256.74,
CRE-HL20-10-50K-SIL,299.74,
CRL4-27W-30K,79.74,
CRL4-27W-40K,79.74,
CRL4-27W-50K,79.74,
CRLC4-15W-30K-D,54.74,
CRLC4-15W-30K-D-WH,57.74,
CRLC4-15W-40K-D,54.74,
CRLC4-15W-40K-D-WH,57.74,
CRLC4-15W-50K-D,54.74,
CRLC4-15W-50K-D-WH,57.74,
CRLC4-20W-30K-D,58.74,
CRLC4-20W-30K-D-WH,60.74,
CRLC4-20W-40K-D,58.74,
CRLC4-20W-40K-D-WH,60.74,
CRLC4-20W-50K-D,58.74,
CRLC4-20W-50K-D-WH,60.74,
CRLC6-15W-30K-D,58.74,
CRLC6-15W-30K-D-WH,60.74,
CRLC6-15W-40K-D,58.74,
CRLC6-15W-40K-D-WH,60.74,
CRLC6-15W-50K-D,58.74,
CRLC6-15W-50K-D-WH,60.74,
CRLC6-20W-30K-D,61.74,
CRLC6-20W-30K-D-WH,62.74,
CRLC6-20W-40K-D,61.74,
CRLC6-20W-40K-D-WH,62.74,
CRLC6-20W-50K-D,61.74,
CRLC6-20W-50K-D-WH,62.74,
CRLC8-15W-30K-D,61.74,
CRLC8-15W-30K-D-WH,62.74,
CRLC8-15W-40K-D,61.74,
CRLC8-15W-40K-D-WH,62.74,
CRLC8-15W-50K-D,61.74,
CRLC8-15W-50K-D-WH,62.74,
CRLC8-20W-30K-D,65.74,
CRLC8-20W-30K-D-WH,68.74,
CRLC8-20W-40K-D,65.74,
CRLC8-20W-40K-D-WH,68.74,
CRLC8-20W-50K-D,65.74,
CRLC8-20W-50K-D-WH,68.74,
CSL-4FT-25W-40K-OC,203.74,
CSL-4FT-25W-50K-OC,203.74,
CSL-4FT-40W-35K-D,112.74,
CSL-4FT-40W-40K-D,112.74,
CSL-4FT-40W-50K-D,112.74,
DB-175,95.0,
DBEL-ACEM,150.74,
DBEL-ACEM-HL-X-SDT-PC,98.44,
DD1-CL41GY50-LED,103.94,
DD2-CL58GY50-LED,142.94,
DDLED15W6IN-K,9.04,
DEBP2FT9W,178.75,
DEBP3FT12W,178.75,
DEBP4FT14W,179.75,
DEBP4FT17W,179.75,
DEBP8FT43W,212.5,
DERBYX,99.99,
DJBank,99.99,
DK22-25W-4K-PE,87.1,
DK24-25W-4K-PE,111.8,
DK24-40W-4K-PE,111.8,
DL409827WH,9.38,
DL409830WH,9.38,
DL409840WH,9.38,
DL615827WH,10.63,
DL615830WH,10.63,
DL615840WH,10.63,
DLS4-27K,17.74,
DLS4-30K,17.74,
DLS4-41K,17.74,
DLS4-50K,17.74,
DLS6-27K,17.74,
DLS6-30K,17.74,
DLS6-30K-BN,21.74,
DLS6-30K-BR,21.74,
DLS6-41K,17.74,
DLS6-50K,17.74,
DLSN4-27K,14.74,
DLSN4-30K,14.74,
DLSN4-41K,14.74,
DLSN4-50K,14.74,
DLSN5-30K-PIR,21.74,
DLSN6-27K,14.74,
DLSN6-30K,14.74,
DLSN6-30K-BN,15.74,
DLSN6-30K-BR,15.74,
DLSN6-41K,14.74,
DLSN6-50K,14.74,
DM120,333.67,
DM150,355.33,
DM240,643.5,
DM300,707.2,
DM60,273.0,
DP4-DM-XXE,162.4,
DR-T525W,227.5,
DR1L,7.94,$6.75
DR2L,16.25,$14.00
DR3L,26.6,$20.00
DRD-14N-14L-40K-WC-G2,85.8,
DRD-18N-14L-40K-WC-G2,88.4,
DRU-11N-14L-40K-WC-G2,71.5,
DRU-14N-14L-40K-WC-G2,74.1,
DSL18T8SE465,20.54,
DSL24T8SE565,24.71,
DSL30T8SE665,33.75,
DSL36T8SE865,43.75,
E11A19DLED27-G6,2.63,
E11A19DLED30-G6,2.63,
E11A19GUDLED27-G6,2.88,
E11A19GUDLED30-G6,2.88,
E11A19GUDLED40-G6,2.88,
E12-FLA-5W-27K-D,8.74,
E12-FLA-5W-40K-D,8.74,
E12A19DLED927-JA8,3.44,
E15A19DLED27-G6,3.38,
E15A19DLED30-G6,3.38,
E15A19DLED40-G6,3.38,
E15A19GUDLED27-G6,3.63,
E15A19GUDLED30-G6,3.63,
E15A19GUDLED40-G6,3.63,
E17A21D927-JA8,7.31,
E17A21D930-JA8,6.69,
E1ALB30-8-,59.8,
E1ALB50-8-,62.4,
E1CC2B16-850,31.2,
E1CC2B24-850,35.1,
E1CC3A100-850,123.5,
E1CC3B36-850,45.5,
E1CC3B45-850,50.7,
E1CC3B54-850,54.6,
E1CC3B75-850,89.7,
E1CPC40-750,71.5,
E1CPC60-750,79.3,
E1DL22D8,30.94,
E1HBA100,147.55,
E1HBA150,165.75,
E1HBA200,221.0,
E1HBC120,155.35,
E1HBC150,158.6,
E1HBC240,248.95,
E1HBD120-850,92.95,
E1HBD200-850,130.0,
E1PL1A36D-,39.0,
E1PL2A36D,39.0,
E1PL9.5-830,14.63,
E1SB150,195.0,
E1SB240L,247.0,
E1SB90,143.0,
E1SHS52,57.2,
E1STA100L-750,171.6,
E1STA150-750,221.0,
E1STA50L-750,94.9,
E1WPL13-835,28.6,
E26,3.05,
E26-EXTENDER,2.57,
E2CC3A120-850,133.9,
E2CC3A36-850,49.4,
E2DL09D4-8,7.67,
E2DL11D6,10.39,
E2DL18D6,10.53,
E2DLB11D6-8-,9.82,
E2FMA15,28.6,
E2FMA19,38.09,
E2FMA9,15.99,
E2FMB16,48.88,
E2FMC15,30.29,
E2HBA100-8,167.7,
E2HBA150-8,193.05,
E2HBA200-8,249.6,
E2HBA240-8,267.8,
E2HBA80-8,154.7,
E2HBD110-850,84.5,
E2HBD165-850,115.7,
E2HBD225-850,143.65,
E2HBD325-850,226.2,
E2HBD65-850,71.83,
E2ST2B100L-750,191.1,
E2ST2B150L-750,224.25,
E2ST2B220L-750,248.3,
E2WPA36L-750,93.6,
E2WPA60L-750,100.75,
E2WPA90L-750,137.8,
E2WPC10L,31.2,
E2WPC20L,33.15,
E2WR40D-8,63.96,
E39,4.65,
E3B207D-827,3.12,
E3EA09A-730-VB,1.69,
E3P3L12D,8.58,
E3P3S10D-830,7.02,
E3P817D,11.96,
E3SB100L3-750,172.9,
E3SB150L3-750,195.0,
E3SB240L3-750,280.8,
E3SB300L3-750,343.2,
E3SB350L3-750,343.2,
E3SLA20D4-840,32.7,
E3SLA40D4-8-,40.5,
E3T8C-15F8,12.09,
E3T8CG-12F8,7.28,
E3T8CG-18F-,8.32,
E3T8G-14F8-,7.54,
E3T8G-17F,8.19,
E4B309D-827,4.16,
E4B414D-8,7.54,
E4EA12,4.42,
E4EA15,4.42,
E5B310D-,4.55,
E5OA09D-827,2.86,
E5OA12D-827,5.2,
E5OA16D-827,8.32,
E6A19DLED27-G6,1.75,
E6A19DLED30-G6,1.75,
E6A19DLED40-G6,1.75,
E6A19DLED927-JA8,2.64,
E6A19GUDLED30-G6,2.0,
E6A19GUDLED40-G6,2.0,
E9A19DLED27-G6,2.0,
E9A19DLED30-G6,2.0,
E9A19DLED40-G6,2.0,
E9A19DLED50-G6,2.33,
E9A19GUDLED27-G6,2.25,
E9A19GUDLED30-G6,2.25,
E9A19GUDLED40-G6,2.25,
E9A19ND27-G3,1.93,
E9A19ND30-G3,1.93,
EBT8M4-22W-F42K,7.15,
ECO3S-LW-V2-NS,20.0,
ECO3S-LW-V2-SS,25.0,
ECO3S-LW2-RBGY,25.0,
EHB2-110-840,102.7,
EHB2-110-850,102.7,
EHB2-162-840,167.7,
EHB2-162-850,167.7,
EHB4-223-850,201.5,
EHB4-321-850,266.5,
EHBS4-265-850,218.4,
EL-1,29.74,
EL-1-B,31.74,
EL-2,25.74,
EL-2-B,27.74,
ELFM-13RAC,19.11,
ELFM-13RGS,25.87,
ELLF1804,808.57,
ELLF270U,2150.61,
ELST64W,20.0,
ELST65W,20.0,
ELST66W,20.0,
ELWL-DA10C,23.4,
ELXTEU-,38.75,
ELY06D-MR5.3S-VB,5.72,
ELYBL-66WC,83.2,
ELYRTD3-2X2CD,58.76,
ELYRTD3-2X4CD,71.5,
ELYVT-42,57.59,
ELYWL2-301C,48.95,
ELYWL2-302,24.7,
EM150S,72.5,
EM2-200S24DC,175.0,
EM200S,77.5,
EM3-150S12DC,168.75,
EM3-300S24DC,190.0,
EM300S,118.75,
EM6-300S12DC,190.0,
EV-CHB01-100WCA1,126.0,
EV-H06ZT-115W,75.0,
EV-H06ZT-215W,105.0,
EV-U100W-D1DZ,82.5,
EV-U150W-D2DZ,93.0,
EV-U200W-D2DZ,109.5,
EV-U240W-D2DZ,142.5,
EV-U80W-D1DZ,75.0,
EV-WP03-20WC1,37.5,
EVEE100Z,749.99,
EVEE50Z,539.99,
EVEF50Z,479.99,
EVETF20,129.99,
EW-16-RC,161.74,
EX-100W-AN50D120,240.0,
EX-100W-CN50D120,577.5,
EX-100W-DN50D120,975.0,
EX-100W-EN50D120,750.0,
EX-150W-CN50D120,622.5,
EX-150W-DN50D120,1110.0,
EX-150W-EN50D120,825.0,
EX-30W-GN50D120,255.0,
EX-60W-AN50D120,180.0,
EX-60W-BN50D120,180.0,
EX-60W-IN50D120,720.0,
EX-80W-BN50D120,195.0,
EXPF-100W-60K,911.74,
EXPF-180W-60K,1493.74,
EXPF-30W-60K,474.74,
EZBK-40-G2,8.58,
EZGOBO,189.99,
EZPAR56,169.99,
EZPAR64RGBA,219.99,
EZPART6USB,219.99,
EZRXTEU,12.19,
EZWEDGETRI,169.99,
EZXTEU,13.13,
EZXTEU-EMRC,30.0,
F4B10DLED927-JA8,3.0,
F7A19DLED27-G2,4.31,
F8.5A19D927-JA8,6.38,
FCR-11-12W-40K,30.74,
FCR-14-18W-40K,36.74,
FCS-11-12W-40K,36.74,
FCS-14-18W-40K,49.74,
FDL-12-15W-30K,36.74,
FDL-12-15W-40K,36.74,
FDL-14-20W-30K,48.74,
FDL-14-20W-40K,48.74,
FDL-16-25W-30K,64.74,
FDL-16-25W-40K,64.74,
FDL-18-30W-30K,80.74,
FDL-18-30W-40K,80.74,
FESTOON,449.99,
FL-OSFHU-RG-QC,21.25,
FL1-CL12BZ50-LED,37.7,
FL2-CL28BZ50-LED,68.9,
FL2-CL48BZ50-LED,79.3,
FL3-CL75BZ50U-,149.76,
FL3-CL90BZ50U-,181.38,
FL4-CL150BZ50U-,214.66,
FL4-CL200BZ50U-,270.4,
FLD2-15CW-KN,57.74,
FLD2-15CW-TR,54.74,
FLD2-15WW-KN,57.74,
FLD2-15WW-TR,54.74,
FLD2-28CW-KN,82.74,
FLD2-28CW-TR,77.74,
FLD2-28WW-KN,82.74,
FLD2-28WW-TR,77.74,
FLD2-42CW-KN,118.74,
FLD2-42CW-TR,114.74,
FLD2-42WW-KN,118.74,
FLD2-42WW-TR,114.74,
FLD2-50CW-KN,133.74,
FLD2-50CW-TR,129.74,
FLD2-50WW-KN,133.74,
FLD2-50WW-TR,129.74,
FLH-10W-30K-BR,29.74,
FLH-10W-30K-WH,29.74,
FLH-10W-50K-BR,29.74,
FLH-10W-50K-WH,29.74,
FLS-10W-30K-BR,28.74,
FLS-10W-30K-WH,28.74,
FLS-10W-50K-BR,28.74,
FLS-10W-50K-WH,28.74,
FLS15U40B-G2,53.2,
FLS15U50B-G2,53.2,
FLS20U40B-G2,66.5,
FLS20U50B-G2,66.5,
FLS50U40B-G2,86.25,
FLS50U50B-G2,166.25,
FLV12-12W-30K,58.74,
FLV12-12W-50K,58.74,
FLV12-24W-30K,84.74,
FLV12-24W-50K,84.74,
FLV12-32W-30K,127.74,
FLV12-32W-50K,127.74,
FLV12-6W-30K,43.74,
FLV12-6W-50K,43.74,
FML-R10-17W-30K,33.74,
FML-R10-17W-50K,33.74,
FML-R6-11W-30K,27.74,
FML-R6-11W-50K,27.74,
FML-R8-14W-30K,28.74,
FML-R8-14W-50K,28.74,
FML-S10-17W-30K,33.74,
FML-S10-17W-50K,33.74,
FML-S6-11W-30K,27.74,
FML-S6-11W-50K,27.74,
FML-S8-14W-30K,28.74,
FML-S8-14W-50K,28.74,
FPEL14-30W-40,71.5,
FPEL22-20W-40,58.5,
FPEL22-30W-40,58.5,
FPEL24-30W-40,97.5,
FPEL24-40W-40,97.5,
FPL-22H-840,70.2,
FPL-22H-850,70.2,
FPL-22L-835,67.6,
FPL-22L-840,67.6,
FPL-22L-850,67.6,
FPL-24H-840,100.1,
FPL-24H-850,100.1,
FPL-24L-835,96.2,
FPL-24L-840,96.2,
FPL-24L-850,96.2,
FRC,21.99,
FREEDOMCHARGE9,429.99,
FREEDOMPARHEX4,399.99,
FREEDOMPARQUAD4,329.99,
FREEDOMPARQUAD4IP,379.99,
FREEDOMPARTRI6,279.99,
FREEDOMSTICK,149.99,
FREEDOMSTICKPACK,549.99,
FRK10X3-930-V2,10.94,
FRK17X4-930-V2,12.81,
FRK17X4-940-V3,14.96,
FRK23X5.5-930-V2,17.81,
FRK23X5.5-940-V2,17.81,
FRK28X7-930-V2,21.25,
FRK28X7-940-V2,21.25,
FRU,19.99,
FS11-DM-1X1-18W-4000k,37.8,
FS14-DM-E,71.4,
FS24-DH-35E,96.6,
FS24-DM-E,93.8,
FUNFETTISHOT,349.99,
FXPAR3,109.99,
FXPAR9,159.99,
FZL-5K-5FT,42.9,
FZL-5K-6FT,57.2,
G13LPNS-,0.4,
G16.5-60WE-4WD27K-FIL,3.72,
G16.5CL3ANT-827-LED2,3.89,
G16.5CL4ANT-827-LED2,3.89,
G25-60WE-5.5WD27K-FIL,3.72,
G25AMB6ANT-822-CF-LED2,8.28,
G25CL5ANT-827-LED2,3.89,
G25CL5ANT-830-LED2,3.89,
G25CL7ANT-827-LED2,5.19,
G25FR5ANT-827-LED2,4.88,
G25FR6-830-LED,8.19,
G30-60WE-5WD22K-FIL,5.37,
G40-60WE-5WD22K-FIL,5.37,
GEYSERP5,329.99,
GEYSERP7,429.99,
GEYSERT6,219.99,
GI-2HB16-50-,268.58,
GI-5RFK-100-50,166.63,
GI-5RFK-120-50,174.75,
GI-5RFK-150-50,212.88,
GI-5RFK-200-50,263.84,
GI-5RFK-280-50,395.44,
GI-5RFK-30-50,99.97,
GI-5RFK-320-50,454.34,
GI-5RFK-45-,106.23,
GI-5RFK-60-50,118.54,
GI-5RFK-75-,152.12,
GI-FL020A-50-B,48.85,
GIGBAR2,479.99,
GIMB1-927-FL-DIM120,25.45,
GIMB1-930-FL-DIM120,25.45,
GIMB1-940-FL-DIM120,25.45,
GIMB2-927-FL-DIM120,28.31,
GIMB2-930-FL-DIM120,28.31,
GIMB2-940-FL-DIM120,28.31,
GL-J650W-BYZ,1275.0,
GOBOZOOMUSB,319.99,
GRL-100W,157.5,
GRL-30W,105.0,
GRL-40-50-F,122.2,
GRL-50W,120.0,
GRL-60-50-F,131.3,
GRL-75W,142.5,
GS-CANOPY-100W-50K,271.74,
GS-CANOPY-120W-50K,312.74,
GS-CANOPY-150W-50K,374.74,
GSS-120W-50K,289.74,
GSS-150W-50K,332.74,
GU10-35WE-5WD27K-B36,5.37,
GU10-35WE-5WD50K-B36,5.37,
GU10-50WE-6WD27K-B36,5.37,
GZ-G4-9L-32K,6.25,
GZ-G9-3W-32K,5.52,
GZ-G9-3W-55K,5.52,
GZ-JC-18L-27K,6.15,
GZ-JC-18L-32K,6.15,
GZ-JC-WP-3W-32K,5.52,
GZ-S8-32K,5.52,
H1000,109.99,
H1200,139.99,
H1302,179.99,
H1600,219.99,
H1800FLEX,329.99,
H2-80W-XYZ,72.0,
H3-160W-XYZ,105.0,
H5-100W-XYZ,73.5,
H5-160W-XYZ,100.5,
H6-220W-XYZ,112.5,
H6-320W-XYZ,165.0,
H700,69.99,
HBEL-2FT-160-50-F,163.8,
HBEL-2FT-90-50-F,114.4,
HBEL-4FT-220-50-F,206.7,
HBEL-4FT-320-50-F,300.3,
HBL-T8-4,135.0,
HBL-T8-6,161.25,
HBL-T8-8,177.5,
HBLI100-5K-C-G2,249.6,
HBLI160-5K-C-G2,275.6,
HBLI240-5K-C-G2,345.8,
HBLI320-5K-C-G2,477.1,
HBUF-100W-50-C-G2,170.3,
HBUF-150W-50-C-G2,189.8,
HBUF-200W-50-C-G2,249.6,
HBUF-250W-50-C-G2,286.0,
HCW-250,206.25,
HD-SP1000WVCT-A50,3006.9,
HD-SP1250WVCT-A50,3321.5,
HD-SP300WVCT-A50,634.4,
HD-SP400WVCT-A50,812.5,
HD-SP500WVCT-A50,841.1,
HD-SP750WVCT-A50,2160.6,
HELICOPTERQ6,319.99,
HHAZE1D,219.99,
HHAZE2D,329.99,
HHAZE4D,439.99,
HID100-840-MV2-EX39-LED,130.0,
HID100-850-MV2-EX39-LED,130.0,
HID110-840-AL-EX39-LED,156.0,
HID110-850-AL-EX39-LED,156.0,
HID115-840-MV2-EX39-LED,157.57,
HID115-850-MV2-EX39-LED,157.57,
HID120-840-MV2-EX39-LED,149.5,
HID120-850-MV2-EX39-LED,149.5,
HID15-840-MV2-LED,35.09,
HID15-850-MV2-LED,35.09,
HID20H-840-MV-LED,52.0,
HID27-840-MV2-EX39-LED,41.6,
HID27-840-MV2-LED,41.6,
HID27-850-MV2-EX39-LED,41.6,
HID27-850-MV2-LED,41.6,
HID36-840-MV2-EX39-LED,46.8,
HID36-840-MV2-LED,46.8,
HID36-850-MV2-EX39-LED,46.8,
HID36-850-MV2-LED,46.8,
HID45-840-MV2-EX39-LED,50.7,
HID45-840-MV2-LED,50.7,
HID45-850-MV2-EX39-LED,50.7,
HID45-850-MV2-LED,50.7,
HID54-840-MV2-EX39-LED,57.2,
HID54-840-MV2-LED,57.2,
HID54-850-MV2-EX39-LED,57.2,
HID54-850-MV2-LED,57.2,
HID80-840-AL-EX39-LED,136.5,
HID80-840-MV2-EX39-LED,91.0,
HID80-850-AL-EX39-LED,136.5,
HID80-850-MV2-EX39-LED,91.0,
HL-AR100UW-50G,1093.26,$600.00
HL-AR100UW-50G-D1,1678.46,"$1,000.00"
HL-AR150UW-50G,1198.33,$700.00
HL-AR150UW-50G-D1-,1718.36,
HL-AR80UW-50G,986.86,$500.00
HL-AR80UW-50G-D1,1522.85,
HL-LB23U-50,530.67,
HL-LI2440H,529.34,$398.00
HL-LI2440U,529.34,
HL-LI4880H,762.09,$573.00
HL-LI4880U,762.09,
HLR110-W50PCG,1190.35,
HLR110-W50XCG,1190.35,
HLR140-W50PCG,1431.08,
HLR140-W50XCG,1431.08,
HLR170-W50PCG,1601.32,
HLR170-W50XCG,1601.32,
HLR80-W50PCG,1219.61,
HLR80-W50XCG,1219.61,
HNSL-400-5K-V1-S1-45-,858.0,
HNSL-500-5K-V1-S1-45-,952.54,
HNSL-600-5K-V1-S1-45-,1479.04,
HNSL-750-5K-V1-S1-20-,1926.6,
HP-090UF-40,215.46,
HP-090UF-50,215.46,
HP-130UF-50,243.39,
HP-160UF-40,269.99,
HP-160UF-50,269.99,
HP-185UF-40,293.93,
HP-185UF-50,293.93,
I2-JS-PL2X2-40W50K,40.3,
I2-JS-PL2X4-50W50K,67.6,
I2-JS-PL2X4-72W60K,67.6,
I2-LD-PLSH-A150-50K,175.5,
I2-PU-PLC-5W,9.75,
I2-PU-PLC-7W,10.66,
I2-SY-CAN36W50K-B,58.5,
I2-SY-CAN60W50K-B,67.6,
I2-V-PLC-10WE26,14.3,
I2-V-PLC-12W,13.0,
I2-V-PLC-12WG24Q,17.1,
I2-V-PLC-5W,9.75,
I2-V-PLC-7W,10.66,
I2-YR-PL295-W150,162.5,
I2-YR-PL415-W200,241.8,
I2-YR-PL415-W300,292.5,
I2-YR-PLQ785-W300,240.5,
IGL-10W-RGBW,111.74,
IGL-1W-30K,51.74,
IGL-1W-40K,51.74,
IGL-3W-30K,60.74,
IGL-3W-40K,60.74,
IGL-7W-30K,83.74,
IGL-7W-40K,83.74,
ILA150W,125.0,
ILA240W,156.0,
ILA300W,219.0,
ILA60W,63.0,
ILB1220,15.0,
ILB1260,20.0,
ILB1296,35.0,
ILB2475,30.0,
ILC12100,50.0,
ILC12150,60.0,
ILC12200,80.0,
ILC12350,90.0,
ILC12450,140.0,
ILC12600,170.0,
ILCTF,65.0,
ILCTF18A,85.0,
ILCTF20a4color,99.0,
ILDFBRGB,120.0,
ILFBRGB,80.0,
ILHFA300,105.0,
ILL-2L-840,40.3,
ILL-4H(32S)-840,57.2,
ILL-4H(32S)-850,57.2,
ILL-4H(46S)-840,61.1,
ILL-4H(46S)-850,61.1,
ILL-4L(23S)-835,57.2,
ILL-4L(23S)-840,57.2,
ILL-4L(23S)-850,57.2,
ILL-8H(54S)-850,98.8,
ILL-8H(65S)-840,98.8,
ILL-8L(38S)-840,91.0,
ILL-8L(38S)-850,91.0,
ILL-8VH(90S)-840,109.2,
ILL-8VH(90S)-850,109.2,
ILLED-100,75.0,
ILLED-30,40.0,
ILLED-45,60.0,
ILLED-60,65.0,
ILT-CB-14H(35S)-840,98.8,
ILT-CB-14L(26)-840,85.8,
ILT-CB-22H(35S)-840,76.7,
ILT-CB-22H(35S)-850,76.7,
ILT-CB-22L(26S)-835,67.6,
ILT-CB-22L(26S)-840,67.6,
ILT-CB-22L(26S)-850,67.6,
ILT-CB-24H(46S)-835,93.6,
ILT-CB-24H(46S)-840,93.6,
ILT-CB-24H(46S)-850,93.6,
ILT-CB-24H(60)-840,102.7,
ILT-CB-24L(34S)-835,85.8,
ILT-CB-24L(34S)-840,85.8,
ILT-CB-24L(34S)-850,85.8,
INTIMBEAM140SR,999.99,
INTIMHYBRID140SR,1369.99,
INTIMROADCASES35X,419.99,
INTIMSCAN305IRC,419.99,
INTIMSPOT155,419.99,
INTIMSPOT375ZIRC,1049.99,
INTIMSPOTDUO155,729.99,
INTIMTRIO,939.99,
INTIMWASHZ450IRC,999.99,
INTIMWAVE360IRC,789.99,
IRC6,39.99,
IRT-14H(33S)-835,94.9,
IRT-14H(33S)-840,94.9,
IRT-14H(33S)-850,94.9,
IRT-14L(23S)-840,94.9,
IRT-22H(33S)-840,75.4,
IRT-22L(23S)-840,72.8,
IRT-24H(44)-840,94.9,
IRT-24H(44)-850,94.9,
IRT-24L(30S2)-850,100.1,
IRT-24L(36S)-835,94.9,
IRT-24L(36S)-840,94.9,
IRT-24L(36S)-850,94.9,
IRT-24VL(23S)-835,88.4,
IRT-24VL(23S)-840,88.4,
JAMPACKGOLD,219.99,
JJ12A150,47.5,
JJC12001,29.26,
JP22-36W-K,75.0,
JP24-50W-K,123.75,
KINTAFX,159.99,
KK-PS-14DW-40-LFSZ,51.98,
KK-PS-22DW-40-LFSZ,47.85,
KK-PS-22EW-40-LFSZ,47.85,
KK-PS-24DW-40-LFPZ,92.4,
KK-PS-24DW-50-LFPZ,92.4,
KK-PS-24DW-50-LFSZ,77.55,
KK-PS-24EW-50-LFSZ,77.55,
KK-PS-24GW-72-LLCZ,84.15,
KXTEU,43.75,
KZXTEU,38.75,
L11.5T8DE435-CG4,9.11,
L11.5T8DE440-CG4,9.11,
L11.5T8DE450-CG4,9.11,$6.85
L11T8AB335-CG,9.91,$7.45
L11T8AB340-CG,9.91,$7.45
L11T8AB350-CG,9.91,$7.45
L12T5SE235-CG,10.57,
L12T5SE240-CG,10.57,
L12T5SE250-CG,10.57,
L12T8AB435-CG,9.91,$7.45
L12T8AB440-CG,9.91,$7.45
L12T8AB450-CG,9.91,$7.45
L13T5SE435-CG,11.11,
L13T5SE440-CG,11.11,
L13T5SE450-CG,11.11,
L13T8DF435-CG5,7.01,$5.27
L13T8DF450-CG5,7.01,$5.27
L13T8EX435,8.65,$6.50
L13T8EX440,8.65,
L13T8EX450,8.65,
L14T8DF335-CG4,8.45,
L14T8DF340-CG4,8.45,
L14T8DF350-CG4,8.45,
L14T8DF440-GA,6.3,
L14T8DF450-GA,6.3,
L16.5T8SE440-CG,8.11,
L16.5T8SE450-CG,8.11,$6.10
L16T5SE335-CG,11.64,
L16T5SE340-CG,11.64,
L16T5SE350-CG,11.64,
L17T8DF440,8.29,$7.16
L18T8SE415,18.33,
L18T8SE435-CG4,8.45,
L18T8SE440-CG4,8.45,
L18T8SE450-CG4,8.45,
L19T8EX435,5.81,$7.00
L19T8EX440,5.81,$7.00
L19T8EX450,5.81,
L19T8SE540-G,13.5,
L24T8-8-09P-G4-BP,139.75,
L24T8-8-09P-G4-EB,141.75,
L24T8-EB-1100,5.2,
L25T5DF435-CG5,11.04,
L25T5DF440-CG5,11.04,
L25T5DF450-CG5,11.04,
L25T5SE435-CG,12.64,
L25T5SE440-CG,12.64,
L25T5SE450-CG,12.64,
L27T5DF450-CG,7.0,
L30T8SE640-G,14.96,
L36T8-8-10P-G4-EB,139.75,
L36T8-8-11P-G4-BP,145.25,
L46T5HE-8-14P-P4-BP,201.36,
L46T5HE-8-15P-P6-EB,184.8,
L46T5HO-8-24P-P4-EB,184.8,
L46T5HO-8-25P-P4-BP,227.5,
L48T8-8-11P-G4-EB,126.0,
L48T8-8-12P-G4-BP,166.25,
L48T8-8-12P-G4-DW,173.25,
L48T8-8-14P-G2-FF,166.25,
L48T8-8-14P-G4-DW,161.0,
L48T8-8-14P-G4-EB,139.75,
L48T8-8-15P-G4-BP,139.65,
L48T8-8-17P-G4-DW,169.75,
L48T8-8-18P-G2-FF,173.25,
L48T8-8-18P-G4-BP,159.25,
L48T8-840-EB-2200,7.15,
L48T8-850-18P-G4-FF,194.25,
L48T8-EB-1800-ES,6.5,
L9T8AB235-CG,9.51,$7.15
L9T8AB240-CG,9.51,$7.15
L9T8AB250-CG,9.51,$7.15
L9T8DF240-CG4,7.91,
L9T8DF250-CG4,7.91,
L9T8SE235-G,7.32,
L9T8SE240-G,7.32,$5.50
L9T8SE250-G,7.32,$5.50
LA-002-BZ,73.74,
LA-003-BZ,73.74,
LA-008-BZ,73.74,
LA-010-BZ,73.74,
LA-010-CR,73.74,
LA-111-AN,73.74,
LA-111-BZ,73.74,
LA-111-CR,73.74,
LA-112-AN,73.74,
LA-112-BZ,73.74,
LA-112-CR,73.74,
LA-115-BZ,73.74,
LA-116-AN,73.74,
LA-116-BZ,73.74,
LA-116-CR,73.74,
LA-117-AN,73.74,
LA-117-BZ,73.74,
LA-117-CR,73.74,
LA-118-BZ,73.74,
LA-118-CR,73.74,
LAL-126-BK,72.74,
LAL-126-BZ,72.74,
LAL-126-SIL,72.74,
LB-PC48,6.65,
LB06-0001,11.97,
LB06-0002,11.97,
LB06-0003,11.97,
LB06-0004,1.56,
LB06-0007,1.56,
LB06-0010,1.25,
LB06-0013,3.13,
LB06-0016,4.38,
LB06-0019,2.5,
LB06-0022,1.25,
LB06-0043,0.94,
LB06-0064,1.25,
LB06-0085,6.25,
LB06-0169,6.25,
LB0627,11.97,
LB0627-0001,11.97,
LB0627-0002,11.97,
LB0635,11.97,
LB0635-0001,11.97,
LB0650,11.97,
LB0650-0001,11.97,
LB12-0001,15.96,
LB12-0002,15.96,
LB12-0003,15.96,
LB12-0004,1.56,
LB12-0007,1.56,
LB12-0010,1.25,
LB12-0013,3.13,
LB12-0016,4.38,
LB12-0019,2.5,
LB12-0022,0.94,
LB12-0043,1.25,
LB12-0064,1.25,
LB12-0085,6.25,
LB12-0169,6.25,
LB1227,15.96,
LB1227-0001,15.96,
LB1235,15.96,
LB1235-0001,15.96,
LB1250,15.96,
LB1250-0001,15.96,
LB24-0001,31.92,
LB24-0002,31.92,
LB24-0003,31.92,
LB24-0004,1.56,
LB24-0007,1.56,
LB24-0010,1.25,
LB24-0013,3.13,
LB24-0016,4.38,
LB24-0019,2.5,
LB24-0022,1.25,
LB24-0043,0.94,
LB24-0064,1.25,
LB24-0085,6.25,
LB24-0169,6.25,
LB2427,31.92,
LB2427-0001,31.92,
LB2435,31.92,
LB2450,31.92,
LB36-0001,47.88,
LB36-0002,47.88,
LB36-0003,47.88,
LB36-0004,1.56,
LB36-0007,1.56,
LB36-0010,1.25,
LB36-0013,3.13,
LB36-0016,4.38,
LB36-0019,2.5,
LB36-0022,1.25,
LB36-0043,0.94,
LB36-0064,1.25,
LB36-0085,6.25,
LB36-0169,6.25,
LB3627,47.88,
LB3627-0001,47.88,
LB3635,47.88,
LB3635-0001,47.88,
LB3650,47.88,
LB48-0001,63.84,
LB48-0002,63.84,
LB48-0003,63.84,
LB48-0004,1.56,
LB48-0007,1.56,
LB48-0010,1.25,
LB48-0013,3.13,
LB48-0016,4.38,
LB48-0019,2.5,
LB48-0022,1.25,
LB48-0043,0.94,
LB48-0064,1.25,
LB48-0085,6.25,
LB48-0169,6.25,
LB4827,63.84,
LB4827-0001,63.84,
LB4835,63.84,
LB4850,63.84,
LBW-2L(25S)-840,67.6,
LBW-4L(40S)-835,77.35,
LBW-4L(40S)-840,77.35,
LCDL-1027-10V-,93.6,
LCDL-1054-10V-,113.1,
LCDL-427-10V-,84.5,
LCDL-627-10V-,84.5,
LCDL-640-10V-,89.7,
LCDL-654-10V-,105.3,
LCDL-827-10V-,89.7,
LCDL-840-10V-,98.15,
LCDL-854-10V-,109.2,
LD-001-BZ,60.74,
LD-006-BZ,48.74,
LD-009-BZ,57.74,
LD-098-CR,57.74,
LD-099-BZ,48.74,
LD-103-AN,54.74,
LD-103-BZ,50.74,
LD-174-BZ,49.74,
LD-176-BZ,52.74,
LD-176-CR,56.74,
LD-192-BZ,60.74,
LDS-12W-30K-D,51.74,
LDS-12W-40K-D,51.74,
LED-10T8-8-BC36-G3,7.66,
LED-11T5HO-8-BC24-G3,9.02,
LED-12T8-8-BC48-G3,5.43,
LED-12T8-8-DE36-G3,8.03,
LED-12T8-8-DE48-G3,7.16,
LED-15T8-8-BC48-G3,5.68,
LED-15T8-8-DE48-G3,7.78,
LED-18T8-8-SE48-G3,8.03,
LED-24IPL-50WD40K,66.0,
LED-25T5HO-8-BC48-G3,10.5,
LED-25T5HO-8-DE48-G3,12.97,
LED-43T8-8-B96-G3,216.19,
LED-43T8HO-8-B96-G3,216.19,
LED-7300-K-G2,9.76,
LED-7311-K-G2,12.23,
LED-7312-K-G2,12.23,
LED-7318-A,12.23,
LED-7320-G2,12.23,
LED-7322-K-G2,12.23,
LED-7324-G2,12.23,
LED-7330-K-G2,11.0,
LED-7334-K-G2,11.0,
LED-7338-A,11.0,
LED-7342-27K-G2,28.29,
LED-7342-35K-G2,28.29,
LED-7342-40K-G2,28.29,
LED-8024E-A,54.8,
LED-8024M-A,54.8,
LED-8025E-,87.63,
LED-8027M-A,137.17,
LED-8029E-A,43.36,
LED-8029M-A,43.36,
LED-8030M-MHBC,148.47,
LED-8032M-MHBC,148.47,
LED-8032MGB,327.48,
LED-8033E-A,49.08,
LED-8033M-A,49.08,
LED-8035E-A,99.33,
LED-8035E-MHBC,84.12,
LED-8036M-MHBC,119.22,
LED-8038E-A,30.77,
LED-8039E-A,34.21,
LED-8039M30-A,34.21,
LED-8039M40-A,34.21,
LED-8039M57-A,34.21,
LED-8045M-,105.18,
LED-8046M-A,85.69,
LED-8054E27,29.13,
LED-8054E35,29.13,
LED-8054E40,29.13,
LED-8054E50,29.13,
LED-8055E-,87.63,
LED-8055EC,116.88,
LED-8055M-,87.63,
LED-8056M-A,81.78,
LED-8057M-A,116.88,
LED-8087E30-A,59.37,
LED-8087E40-A,59.37,
LED-8087E57-A,59.37,
LED-8087M30-A,59.37,
LED-8087M40-A,59.37,
LED-8087M57-A,59.37,
LED-8088E-MHBC,64.23,
LED-8088E30-G4,71.96,
LED-8088E40-G4,71.96,
LED-8088E50-G4,71.96,
LED-8088M-,93.48,
LED-8088M-MHBC,64.23,
LED-8088M30-G4,71.96,
LED-8088M40-G4,71.96,
LED-8088M50-G4,71.96,
LED-8089M-MHBC,116.88,
LED-8089M30-G4,129.16,
LED-8089M40-G4,129.16,
LED-8089M50-G4,129.16,
LED-8090M-MHBC,163.68,
LED-8090M30-G4,163.48,
LED-8090M40-G4,163.48,
LED-8090M40-G4-T3,174.92,
LED-8090M40-G4-T4,174.92,
LED-8090M50-G4,163.48,
LED-8090M50-G4-T3,174.92,
LED-8090M50-G4-T4,174.92,
LED-8100-,58.38,
LED-8101-,70.08,
LED-8102-,128.58,
LED-8104-,175.38,
LED-8130M40,128.58,
LED-8130M50,128.58,
LED-8132M40,128.58,
LED-8132M50,128.58,
LED-8136M40,116.88,
LED-8136M50,116.88,
LED-8144M-A,64.23,
LED-8145M-A,70.08,
LED-8146M-A,99.33,
LED-8150-50K,257.28,
LED-8232M40,163.68,
LED-8232M50,163.68,
LED-8236M40,140.28,
LED-8236M50,140.28,
LED-8242M40,286.53,
LED-8242M50,286.53,
LED-8280-50K,467.88,
LED-8280-50K-HV,491.28,
LED-8929E57-HAZ,93.48,
LED-8929M57-HAZ,93.48,
LED-8T8-8-BC24-G3,7.66,
LED-9002-50K-5PK,175.38,
LED-9006-50K,105.18,
LED-9010-50K,147.3,
LED-9015-50K,187.08,
LED-9101M,58.38,
LED-9150-50K,187.08,
LED-9300-50K,357.9,
LED-9611G,304.2,
LED-9614G,819.0,
LED-9640G-A1-150S,384.93,
LED-9650G-T,146.25,
LED-9670-GR-UL-4-FC-S,37.05,
LED-9T8-8-DE24-G3,8.03,
LED-DDAL50W-5K,81.25,
LED-DDALG40W-5K,75.0,
LED-FRP-WH4-K,17.5,
LED-FRP-WH6-K,21.25,
LED-FSP-WH4-K,16.25,
LED-FSP-WH6-K,16.25,
LED-PL1BLK,26.74,
LED-PL1NKL,26.74,
LED-PL1WHT,26.74,
LED-PL3BLK,76.74,
LED-PL3NKL,76.74,
LED-PL3WHT,76.74,
LED12LHB90W50K-LC,88.4,
LED22LHB180W50K-LC,127.4,
LED24LHB320W50K-,279.5,
LED2CD15W4IN-K27V,33.8,
LED2CD15W6IN-K27V,34.45,
LED2CD15W8IN-K27V,35.1,
LED2CD20W4IN-K27V,35.75,
LED2CD20W6IN-K27V,36.4,
LED2CD20W8IN-K27V,37.05,
LED3MHB140W50K,154.7,
LED3MHB200W50K,180.7,
LED4FTT8-K15WBC,7.8,
LED4PK105W-K3-,143.0,
LED4PK150W-K3-,193.7,
LED4PK300W-K3-,323.7,
LED4PK70W-K3-,154.7,
LEDACUWP30W,64.04,
LEDACUWP40W,68.04,
LEDACUWP70W,124.06,
LEDAL-G2-120L-840-STD-T3-DB,234.0,
LEDAL-G2-140L-840-STD-T3-DB,260.0,
LEDAL-G2-200L-840-STD-T3-DB,351.0,
LEDAL-G2-270L-840-STD-T3-DB,416.0,
LEDAL-G2-330L-840-STD-T3-DB,468.0,
LEDAL-G2-400L-840-STD-T3-DB,520.0,
LEDAL-G2-75L-840-STD-T3-DB,210.6,
LEDBARKITJ-10W-2FT-1L-840,22.75,
LEDBARKITJ-15W-4FT-1L-840,31.07,
LEDBARKITJ-20W-2FT-2L-840,37.7,
LEDBARKITJ-30W-4FT-2L-840,49.14,
LEDBARKITJ-40W-4FT-3L-840,72.41,
LEDBARKITJ-60W-4FT-4L-840,95.68,
LEDCD15W6IN40K27V,22.1,
LEDCD30W8IN-K27V,31.69,
LEDCNP27W,44.2,
LEDCNP40W,46.8,
LEDCPYSM120W-5K,237.5,
LEDCR-G2-9IN-14L-FWFC,49.4,
LEDCXTEU2-,33.13,
LEDFCUWP45W,81.9,
LEDFCUWP70W,93.6,
LEDFCUWP90W,136.5,
LEDFHB135-K-MVDIM-V2,96.25,
LEDFHB180-K-MVDIM-V2,137.5,
LEDFHB265-K-MVDIM-V2,187.5,
LEDFHB320-K-MVDIM-V2,200.0,
LEDFHB425-K-MVDIM-V2,268.75,
LEDFHB90-K-MVDIM-V2,81.25,
LEDFL110W50K277V-,151.98,
LEDFL15W277V50K-,22.03,
LEDFL200W50K277V-,253.5,
LEDFL30W277V50K-,31.14,
LEDFL45W277V50K-,54.54,
LEDFL70W50K277V-,137.94,
LEDFOLLOWSPOT120ST,699.99,
LEDFOLLOWSPOT75ST,539.99,
LEDGNB42W50K,63.7,
LEDHB100-K-MVDIM10V-WN,87.5,
LEDHB150-K-MVDIM10V-WN,118.75,
LEDHB200-K-MVDIM10V-WN,156.25,
LEDHBR-14-K-PRM-BLK-UNV,125.0,
LEDHBR-21-K-PRM-BLK-UNV,150.0,
LEDHBR-27-K-PRM-BLK-UNV,206.25,
LEDHBR-32-K-PRM-BLK-UNV,218.75,
LEDLB100W50K,92.24,
LEDLB80W50K,125.65,
LEDLS10W30K,37.38,
LEDMPALPRO100-K,143.75,
LEDMPALPRO140-K,150.0,
LEDMPALPRO15-K,25.0,
LEDMPALPRO240-K,225.0,
LEDMPALPRO280-K,281.25,
LEDMPALPRO30-K,43.75,
LEDMPALPRO50-K,63.75,
LEDMPALPRO80-K,128.75,
LEDMST1000W57K-D,1657.5,
LEDMST500W57K-D,812.5,
LEDMST800W57K-D,1631.5,
LEDOSEC-1-PC-K,23.75,
LEDOSEC-2-PC-K,32.5,
LEDOSEC-3-PC-K,41.25,
LEDPALET,159.99,
LEDPANEL-G3-1X4-25L-FWFC,78.0,
LEDPANEL-G3-2X2-20L-FWFC,59.8,
LEDPANEL-G3-2X4-33L-FWFC-A,97.5,
LEDPINSPOT2,43.99,
LEDPINSPOT3,49.99,
LEDPNL1X4-35W-KMV-PRM-BES,51.25,
LEDPNL1X4-40W-K,43.75,
LEDPNL22CCT27K-65K-DIM,75.0,
LEDPNL24CCT27K-65K-DIM,106.25,
LEDPNL2X2-32W-KMV-DLCPRM-BES,43.75,
LEDPNL2x2-40W-K,37.5,
LEDPNL2X4-35W-KMV-DLCPRM-BES,73.75,
LEDPNL2x4-50W-K,60.0,
LEDPNL2x4-70W-K,71.25,
LEDR-1,15.63,
LEDR-10M-A,1.37,
LEDR-10M-A-RGB,2.08,
LEDR-10M-B,1.37,
LEDR-10M-B-RGB,2.08,
LEDR-10M-C-RGB,2.08,
LEDR-8M-A,1.37,
LEDR-8M-B,1.37,
LEDR-8M-C,1.37,
LEDR-CHNL-4FT,7.74,
LEDR-CHNL-4FT-WHT,7.74,
LEDR-DMR-R,3.05,
LEDR11-K,25.0,
LEDR14-K,37.5,
LEDRCNP45W50K,67.9,
LEDRCNP60W50K,79.94,
LEDS11-K,25.0,
LEDS14-K,40.0,
LEDSL15W-K-K-30,30.0,
LEDSL28W-K-K-30,51.25,
LEDSL42W-K-K-60,72.5,
LEDSP4FT45W-K,55.72,
LEDSP8FT60W-,97.38,
LEDSP8FT80W50K,119.6,
LEDSPK45W50K,89.7,
LEDSPK70W50K,102.7,
LEDSR-G2-14INE-8L-FWFC,45.5,
LEDSR-G2-14INM-8L-FWFC,45.5,
LEDSR-G2-4IN-8L-FWFC,41.6,
LEDSR-G2-9IN-8L-FWFC,45.5,
LEDSWM10W-K,29.9,
LEDSWM15W-K,31.2,
LEDTF2X230W-K-MS,41.6,
LEDTF2X450W-K-MS,71.5,
LEDTPK150W-K3-,201.5,
LEDTPK200W-K3-,219.7,
LEDTPK250W-K3-,284.7,
LEDTPK300W-K3-,323.7,
LEDTPK350W-K3-,488.8,
LEDVT4FT45W-K,124.36,
LEDVT4FT60W-K,130.38,
LEDWM25W,32.5,
LEDWP100SN-K-PRM,125.0,
LEDWP120SN-K-PRM,137.5,
LEDWP135W,143.0,
LEDWP30W50K,54.6,
LEDWP35SN-K-PRM,68.75,
LEDWP42W,57.53,
LEDWP55SN-K-PRM,75.0,
LEDWP65W,67.6,
LEDWP80SN-K-PRM,100.0,
LEDWP90W,98.8,
LEDWPA25W,72.5,
LEDWPA40W,82.5,
LEDWPA60W,123.75,
LEDWPA80W,135.0,
LEDWPCA120W,156.25,
LEDWPCA12W,37.5,
LEDWPCA30W,56.25,
LEDWPCA50W,73.75,
LEDWPCA80W,131.25,
LEDWPFC50W,90.0,
LEDWPPCSNF-20W-K,32.5,
LESW-12W-30K-P,75.74,
LESW-12W-50K-P,75.74,
LESW-15W-30K-P,81.74,
LESW-15W-30K-P-WH,103.74,
LESW-15W-50K-P,81.74,
LESW-15W-50K-P-WH,103.74,
LESW-20W-30K-P,90.74,
LESW-20W-30K-P-WH,114.74,
LESW-20W-50K-P,90.74,
LESW-20W-50K-P-WH,114.74,
LF-4836U-40,74.48,
LF-4849U-,101.08,
LF-AD-KNU,10.74,
LF-AD-SF,50.74,
LF12-6CW,25.74,
LF12-6NW,25.74,
LF12-6W-27K-KN,26.74,
LF12-6W-30K-KN,26.74,
LF12-6W-40K-KN,26.74,
LF12-6W-50K-KN,26.74,
LF12-6WW,2574.0,
LF3-15CW-KN,37.74,
LF3-15CW-TR,34.74,
LF3-15WW-KN,37.74,
LF3-15WW-TR,34.74,
LF3-30CW-KN,61.74,
LF3-30CW-TR,58.74,
LF3-30WW-KN,61.74,
LF3-30WW-TR,58.74,
LF3-50CW-KN,84.74,
LF3-50CW-TR,81.74,
LF3-50WW-KN,84.74,
LF3-50WW-TR,81.74,
LF3-HL-100W-30K,220.74,
LF3-HL-100W-40K,220.74,
LF3-HL-100W-40K-480V,371.74,
LF3-HL-100W-50K,220.74,
LF3-HL-100W-50K-480V,371.74,
LF3-HL-150W-30K,271.74,
LF3-HL-150W-40K,271.74,
LF3-HL-150W-40K-480V,435.74,
LF3-HL-150W-50K,271.74,
LF3-HL-150W-50K-480V,435.74,
LF3-HL-230W-30K,414.74,
LF3-HL-230W-40K,414.74,
LF3-HL-230W-40K-480V,593.74,
LF3-HL-230W-50K,414.74,
LF3-HL-230W-50K-480V,593.74,
LF3-HL-300W-30K,509.74,
LF3-HL-300W-40K,509.74,
LF3-HL-300W-40K-480V,740.74,
LF3-HL-300W-50K,509.74,
LF3-HL-300W-50K-480V,740.74,
LF3-HL-30W-30K-D-KN,50.74,
LF3-HL-30W-40K-D-KN,50.74,
LF3-HL-30W-50K-D-KN,50.74,
LF3-HL-50W-30K-D-KN,113.74,
LF3-HL-50W-40K-D-KN,113.74,
LF3-HL-50W-50K-D-KN,113.74,
LF3-HL-80W-30K,210.74,
LF3-HL-80W-40K,210.74,
LF3-HL-80W-50K,210.74,
LF3-WH-15CW-KN,43.74,
LF3-WH-15WW-KN,43.74,
LF3-WH-30CW-KN,66.74,
LF3-WH-30WW-KN,66.74,
LF3-WH-50CW-KN,85.74,
LF3-WH-50WW-KN,85.74,
LF4-100CW-SF,248.74,
LF4-100CW-TR,248.74,
LF4-100WW-SF,248.74,
LF4-100WW-TR,248.74,
LF4-12CW-KN,50.74,
LF4-12CW-TR,46.74,
LF4-12V-12W-30K,64.74,
LF4-12V-12W-50K,64.74,
LF4-12V-24W-30K,94.74,
LF4-12V-24W-50K,94.74,
LF4-12V-30W-30K,119.74,
LF4-12V-30W-50K,119.74,
LF4-12V-50W-30K,171.74,
LF4-12V-50W-50K,171.74,
LF4-12V-6W-30K,48.74,
LF4-12V-6W-50K,48.74,
LF4-12WW-KN,50.74,
LF4-12WW-TR,46.74,
LF4-150CW-SF,367.74,
LF4-150CW-TR,367.74,
LF4-150WW-SF,367.74,
LF4-150WW-TR,367.74,
LF4-30CW-KN,82.74,
LF4-30CW-TR,77.74,
LF4-30WW-KN,82.74,
LF4-30WW-TR,77.74,
LF4-50CW-KN,108.74,
LF4-50CW-TR,108.74,
LF4-50WW-KN,108.74,
LF4-50WW-TR,108.74,
LF4-80CW-SF,221.74,
LF4-80CW-TR,221.74,
LF4-80WW-SF,221.74,
LF4-80WW-TR,221.74,
LF5-380CW-480V,843.74,
LF5-380CW-YK,747.74,
LFCO-100W-40K,190.74,
LFCO-100W-50K,190.74,
LFCO-150W-40K,212.74,
LFCO-150W-50K,212.74,
LFCO-230W-40K,327.74,
LFCO-230W-50K,327.74,
LFCO-300W-40K,404.74,
LFCO-300W-50K,404.74,
LFCO-50W-40K,151.74,
LFCO-50W-50K,151.74,
LFCO-80W-40K,174.74,
LFCO-80W-50K,174.74,
LFLD-5W-30K-BZ,69.74,
LFLV-12W-27K,64.74,
LFLV-12W-30K,64.74,
LFLV-12W-40K,64.74,
LFLV-12W-50K,64.74,
LFLV-7W-27K,48.74,
LFLV-7W-30K,48.74,
LFLV-7W-40K,48.74,
LFLV-7W-50K,48.74,
LGP-100W-30K,319.74,
LGP-100W-40K,319.74,
LGP-100W-50K,319.74,
LGP-42W-30K,252.74,
LGP-42W-40K,252.74,
LGP-42W-50K,252.74,
LHB1-111-850-UNV-LED2,102.7,
LHB2-161-850-UNV-LED2,154.7,
LHB2-50W-30K,143.74,
LHB2-50W-30K-WH,143.74,
LHB2-50W-40K,143.74,
LHB2-50W-40K-WH,143.74,
LHB2-50W-50K,143.74,
LHB2-50W-50K-WH,143.74,
LHB3-221-850-UNV-LED2,180.7,
LIFI-35F-4FT-G2,106.6,
LIVC-G2-2F-20L-FWFC-R-S1-,111.8,
LIVC-G2-3F-20L-FWFC-R-S1-,127.4,
LIVC-G2-4F-20L-FWFC-R-S1-,143.0,
LLHB-120W-40K-D,145.74,
LLHB-120W-50K-D,145.74,
LLHB-180W-40K-D,190.74,
LLHB-180W-50K-D,190.74,
LLHB-240W-40K-D,257.74,
LLHB-240W-50K-D,257.74,
LLHB2-100W-40K-D,232.74,
LLHB2-100W-50K-D,232.74,
LLHB2-150W-40K-D,355.74,
LLHB2-150W-50K-D,355.74,
LLHB3-2FT-100W-40K-D,151.74,
LLHB3-2FT-100W-50K-D,151.74,
LLHB4-100W-40K-D,150.74,
LLHB4-100W-50K-D,150.74,
LLHB4-150W-40K-D,211.74,
LLHB4-150W-50K-D,211.74,
LLHB4-200W-40K-D,266.74,
LLHB4-200W-50K-D,266.74,
LLHB4-300W-40K-D,394.74,
LLHB4-300W-50K-D,394.74,
LLHB4-50W-40K-D,121.74,
LLHB4-50W-50K-D,121.74,
LLT-2U-T8-15W-BA-K,260.0,
LLT-4-EM-T8-G2-15W-K,1552.0,
LLT-4-FR-C-22W-K,821.0,
LLT-4-G-T8-15W-DBA-K,193.5,
LLT-5-FR-C-22W-K,895.25,
LLT-6-FR-C-30W-K,957.75,
LLT-T5N-1-D-K,472.8,
LLT-T5N-2-D-K,262.8,
LLT-T5N-2-K,242.8,
LLT-T5N-3-D-K,294.8,
LLT-T5N-3-K,268.8,
LLT-T5N-4-D-K,320.8,
LLT-T5N-4-K,294.4,
LLVT-2FT-25W-40K-D,90.74,
LLVT-2FT-25W-50K-D,90.74,
LLVT-4FT-100W-40K-D,322.74,
LLVT-4FT-100W-50K-D,322.74,
LLVT-4FT-150W-40K-D,378.74,
LLVT-4FT-150W-50K-D,378.74,
LLVT-4FT-40W-40K-D,118.74,
LLVT-4FT-40W-50K-D,118.74,
LLVT-4FT-75W-40K-D,177.74,
LLVT-4FT-75W-50K-D,177.74,
LLVT-8FT-100W-40K-D,281.74,
LLVT-8FT-100W-50K-D,281.74,
LLVT-8FT-65W-40K-D,274.74,
LLVT-8FT-65W-50K-D,274.74,
LLVT-8FT-68W-40K-D,213.74,
LLVT2-4FT-36W-35K-D,88.74,
LLVT2-4FT-36W-40K-D,88.74,
LLVT2-4FT-36W-50K-D,88.74,
LLVT2-4FT-40W-40K-D,98.74,
LLW-RGBCTR,35.0,
LMW-12W-30K,47.74,
LMW-12W-30K-WH,63.74,
LMW-12W-40K,47.74,
LMW-12W-40K-WH,63.74,
LMW-12W-50K,47.74,
LMW-12W-50K-WH,63.74,
LNS-4FT-40-40-F,65.0,
LNS-4FT-40-50-F,65.0,
LNS-8FT-65-40-F,109.2,
LOD-12RPL-24W-3CCT-G-V1,34.65,
LOD-12WT83FT-KB,8.67,
LOD-12WT84FT-40KAB,7.02,
LOD-14PL-40W50K-BSHL2,55.28,
LOD-22PL25WP-K,51.15,
LOD-24MWT24W-35K,73.43,
LOD-24MWT24W-40K,73.43,
LOD-24MWT24W-50K,73.43,
LOD-24PL40WP-K,75.9,
LOD-29W22TR-40K,51.98,
LOD-29W22TR-50K,51.98,
LOD-2FTSL22WDF-30K-V2,47.85,
LOD-2FTSL22WDF-40K-V2,47.85,
LOD-2FTSL22WDF-50K-V2,47.85,
LOD-36WT88FTC-50KB,23.1,
LOD-36WT88FTF-40KB,23.1,
LOD-36WT88FTF-50KB,23.1,
LOD-39W24TR-50K,64.5,
LOD-4FT17W-KA,6.6,
LOD-4FTSL36WF-40K-V2,51.15,
LOD-4FTSL36WF-50K-V2,51.15,
LOD-5FT26W-40K,24.75,
LOD-5FT26W-50K,24.75,
LOD-6FT26W-50K,26.4,
LOD-7RPL-12W-3CCT-G-V1,24.75,
LOD-8FTSL68WDF-50K,87.45,
LOD-8FTSL72WDF-40K-V2,92.4,
LOD-8FTSL72WDF-50K-V2,92.4,
LOD-9RPL-18W-3CCT-G-V1,28.05,
LOD-9SPL-18W-3CCT-G-V1,28.05,
LOD-AWP-100W-50K-LV-V2,140.25,
LOD-AWP-30W-50K-LV-V12,69.3,
LOD-AWP-50W-50K-LV-V12,85.8,
LOD-AWP-75W-50K-LV-V12,123.75,
LOD-BHPL-7W50K,11.55,
LOD-C08-M1218,6.2,
LOD-C4FT22W,33.0,
LOD-C5FT24W,34.65,
LOD-C6FT30W,37.95,
LOD-CP70WD50K,87.45,
LOD-DL4-10W30K,7.02,
LOD-DL4-10W40K,7.02,
LOD-DL4-10W50K,7.02,
LOD-DL4-9W27K,7.43,
LOD-DL4E-10WD-E26,7.43,
LOD-DL4EB-10W30K,14.85,
LOD-DL4EB-10W50K,14.85,
LOD-DL4G-10WD50K,7.43,
LOD-DL4GB-AD10W-50K,15.68,
LOD-DL4RS-AD10W-30K,14.03,
LOD-DL56-15W30K,7.43,
LOD-DL56-15W40K,7.43,
LOD-DL56-15W50K,7.43,
LOD-DL56SM-AD10W-30K,8.25,
LOD-DL6EB-15W30K,16.5,
LOD-DL6EB-15W50K,16.5,
LOD-DL6RF-D15W-40K,21.45,
LOD-DL6RF-D15W-50K,21.45,
LOD-DL6SM-15W50K,12.38,
LOD-DL8RF-D30W-40K,41.25,
LOD-DL8RF-D30W-50K,41.25,
LOD-EXT82FD-10W40KF-1,10.32,
LOD-EXT82FD-10W50KF-1,10.32,
LOD-EXT84FD-15W40KF-1,10.32,
LOD-EXT84FD-15W50KF-1,10.32,
LOD-FL-100W50K-HL,173.25,
LOD-FL-10W50K-HL,31.35,
LOD-FL-150W50K-HL,206.25,
LOD-FL-200W50K-HL,247.5,
LOD-FL-30W50K-HL,59.4,
LOD-FL-50W50K-HL,87.45,
LOD-GDMT82F-8.5W-KF,9.9,
LOD-GDMT84F-12W-KF-YM2,7.02,
LOD-GDMT84F-12W40KF-B,7.02,
LOD-GDMT84F-17W-F-YM2,6.6,
LOD-GDMT84F-17W35KF-YM,6.6,
LOD-GT82F10W-DM40KF,8.67,
LOD-HB115W-50K,165.0,
LOD-HLAL-T3100WD50K-V2,156.75,
LOD-HLAL-T3150WD50K-V2,198.0,
LOD-HLAL-T375WD50K-V2,136.95,
LOD-HLHB-120W50K-SVA,123.75,
LOD-HLHB-150W50K-SVA,132.0,
LOD-HLHB-200W50K-SVA,181.5,
LOD-HLHB-250W50K-SVA,214.5,
LOD-HLSA-T2100WD50K-V2,165.0,
LOD-HLSA-T2150WD50K-V2,231.0,
LOD-HLSA-T250WD50K-V2,132.0,
LOD-KFL-20W-50K-LV-V11,42.9,
LOD-KFL-30W-50K-LV-V11,51.15,
LOD-KFL-50W-50K-LV-V11,85.8,
LOD-KFL45W-50LV-00,82.5,
LOD-LB60W-50K,103.95,
LOD-LB80W-50K,135.3,
LOD-LHB110W-50K,95.7,
LOD-LHB160W-50K,140.25,
LOD-LHB160W-50K-4FT,156.75,
LOD-LHB160W-50K-HL,231.0,
LOD-LHB220W-50K,198.0,
LOD-LHB220W-50K-HL,297.0,
LOD-LHB320W-50K-HL,412.5,
LOD-LNHB-LHBP50W-50K,128.7,
LOD-MAAL-100W-50K-TPIII-SBA,198.0,
LOD-MAAL-150W-50K-TPIII-SBA,222.75,
LOD-MAAL-150W-50K-TPIII-SEA,354.75,
LOD-MAAL-240W-50K-TPIII-SBA,305.25,
LOD-MAAL-300W-50K-TPIII-SBA,371.25,
LOD-MAAL-300W-50K-TPIII-SEA,478.5,
LOD-MASQ-40WSAD50K-HL,80.85,
LOD-MCL-100W50KHL,94.05,
LOD-MCL-12W50KHL-V2,37.95,
LOD-MCL-20W50KHL,26.4,
LOD-MCL-27W50KHL,42.9,
LOD-MCL-27W50KHL-V2,52.8,
LOD-MCL-36W50KHL,51.15,
LOD-MCL-36W50KHL-V2,66.0,
LOD-MCL-45W50KHL,57.75,
LOD-MCL-45W50KHL-V2,72.6,
LOD-MCL-54W50KHL,62.7,
LOD-MCL-54W50KHL-V2,79.2,
LOD-MCL-63W50KHL-V2,85.8,
LOD-MTRT-2FT25WX2,29.7,
LOD-MTRT-4FT36WX2-4000K,33.0,
LOD-MTRT-4FT36WX2-5000K,33.0,
LOD-MTRT-4FT50WX2-5000K,39.6,
LOD-MWP-15W30K-HL,34.65,
LOD-MWP-15W40K-HL,34.65,
LOD-MWP-15W50K,34.65,
LOD-MWP-15W50K-HL,33.0,
LOD-MWP-25W30K-HL,36.3,
LOD-MWP-25W40K-HL,36.3,
LOD-MWP-25W50K,34.65,
LOD-MWP-25W50K-HL,33.0,
LOD-MWP-26W40K,34.65,
LOD-MWP-8W50K-HL,33.0,
LOD-PT-150W-50K-LV-V12,239.25,
LOD-PT-60W-50K-LV-V12,198.0,
LOD-PT-80W-50K-LV-V12,214.5,
LOD-RT100W50K-HL,153.45,
LOD-RT150W50K-HL,173.25,
LOD-SPGT84F-12W40KF,7.02,
LOD-T54FT-14W50K,11.55,
LOD-T54FT-25W50K,11.97,
LOD-U-2FT18W-40K,15.68,
LOD-U-2FT18W-50K,15.68,
LOD-VT2FT30WNS-50K,57.75,
LOD-VT4FT40WNS-40KV2,75.9,
LOD-VT4FT40WNS-50K,77.55,
LOD-VT4FT40WNS-50KV2,75.9,
LOD-WP-120WSAD50K-HL,173.25,
LOD-WP-120WSAD50K-HLV2,151.8,
LOD-WP-40WSAD50K-HLV2,74.25,
LOD-WP-60WSAD50K-HLV2,94.05,
LOD-WP-80WSAD50K-HLV2,123.75,
LOD-WP-90WSAD50K-HL,153.45,
LOD-WP80W-50K,103.95,
LOHB-2FT-50W-30K,156.74,
LOHB-2FT-50W-50K,156.74,
LOHB-4FT-120W-30K,242.74,
LOHB-4FT-120W-50K,242.74,
LP-1X4-40W-27K-DS,69.74,
LP-1X4-40W-35K-DS,69.74,
LP-1X4-40W-40K-DS,69.74,
LP-1X4-40W-50K-DS,69.74,
LP-2X2-40W-27K-DS,47.74,
LP-2X2-40W-35K-DS,47.74,
LP-2X2-40W-40K-D-HL,84.74,
LP-2X2-40W-40K-DS,47.74,
LP-2X2-40W-50K-D-HL,84.74,
LP-2X2-40W-50K-DS,47.74,
LP-2X2-MW-35K-DS,65.74,
LP-2X2-MW-40K-DS,62.74,
LP-2X2-MW-50K-DS,62.74,
LP-2X4-50W-40K-D-HL,108.74,
LP-2X4-50W-50K-D-HL,108.74,
LP-2X4-60W-27K-DS,81.74,
LP-2X4-60W-35K-DS,81.74,
LP-2X4-60W-40K-DS,81.74,
LP-2X4-60W-50K-DS,81.74,
LP-2X4-72W-27K-DS,101.74,
LP-2X4-72W-35K-DS,101.74,
LP-2X4-72W-40K-DS,101.74,
LP-2X4-72W-50K-DS,101.74,
LP-2X4-MW-35K-DS,99.74,
LP-2X4-MW-40K-DS,92.74,
LP-2X4-MW-50K-DS,92.74,
LPL-EB-14W-H-L-40K,13.74,
LPL-EB-14W-V-40K,13.74,
LPL-EB-9W-H-40K,11.74,
LPL-MB-14W-H-L-40K,13.74,
LPL-MB-14W-V-40K,13.74,
LPL-MB-9W-H-40K,11.74,
LPRF22-40-LG,286.0,
LPRF22-40-NL,260.0,
LPRF24-50-LG,208.0,
LPRF24-50-NL,187.2,
LPS-1X1-30K-D,51.74,
LPS-1X1-40K-D,51.74,
LPS-1X1-50K-D,51.74,
LPS-1X2-30K-D-,73.74,
LPS-1X2-40K-D-,73.74,
LPS-1X2-50K-D,73.74,
LPS-1X4-30K-D,98.74,
LPS-1X4-40K-D,98.74,
LPS-1X4-50K-D,98.74,
LPS-2X2-30K-D,92.74,
LPS-2X2-40K-D,92.74,
LPS-2X2-50K-D,92.74,
LPS-2X4-30K-D,140.74,
LPS-2X4-40K-D,140.74,
LPS-2X4-50K-D,140.74,
LPS-S4-30K,21.74,
LPS-S4-40K,21.74,
LPS-S4-50K,21.74,
LPS-S6-30K,25.74,
LPS-S6-40K,25.74,
LPS-S6-50K,25.74,
LPS-S8-30K,39.74,
LPS-S8-40K,39.74,
LPS-S8-50K,39.74,
LR-ECO-20W-30K-P,52.74,
LR-ECO-20W-50K-P,52.74,
LR2-120CW-P,215.74,
LR2-50CW-P,126.74,
LR2-80CW-P,166.74,
LRDW120-,228.79,
LRDW30-,116.99,
LRDW80-,168.99,
LRK22D2335,47.5,$42.00
LRK22D2341,67.83,
LRK22D2350,47.5,
LRK24D4035,101.08,
LRK24D4041,101.08,$76.00
LRK24D4050,101.08,$76.00
LRS-A-30K-PC,40.74,
LRS-A-40K-PC,40.74,
LRS-B-30K-PC,32.74,
LRS-B-40K-PC,32.74,
LRS-C-30K-D,52.74,
LRS-C-40K-D,52.74,
LRS-D-30K-D,66.74,
LRS-D-40K-D,66.74,
LRT-HL-2X2-40W-40K-D,83.74,
LRT-HL-2X4-50W-40K-D,130.74,
LS-158-BZ,47.74,
LS-158-SS,47.74,
LS-159-BZ,47.74,
LS-4835U-40,61.18,
LS-4835U-50,61.18,$46.00
LS-4846U-50,74.48,
LSL-2FT-20W-35K-D,46.74,
LSL-2FT-20W-40K-D,46.74,
LSL-2FT-20W-50K-D,46.74,
LSL-4-40-40K,61.25,
LSL-4FT-40W-35K-D,52.74,
LSL-4FT-40W-40K-D,52.74,
LSL-4FT-40W-50K-D,52.74,
LSL-8FT-64W-40K-D,112.74,
LSL-8FT-64W-50K-D,112.74,
LSP-4FT-40W-40K,46.74,
LSS-2FT-20W-MCT,42.74,
LSS-4FT-25W-MCT,45.74,
LSS-4FT-32W-MCT,49.74,
LSS-4FT-46W-MCT,57.74,
LSS1XT8USE4802,14.8,
LSS2XT8USE4803,16.92,
LSU2XT8USE4806,31.72,
LSU3XT8USE4806,31.72,
LSU4U2540,75.81,
LSU4U2550,75.81,
LSU4U3540,85.12,
LSU4U3550,85.12,
LSU4U4540,91.77,$69.00
LSU4U4550,91.77,
LSU4XT8USE4812,54.53,
LSUECO-4NU4050,33.75,
LSV2U2540,70.49,
LSV2U2550,70.49,
LSV2XT8USE4806,41.23,
LSV3XT8USE4806,43.89,
LSV4U2540,86.45,
LSV4U2550,86.45,
LSV4U3540,93.1,$70.00
LSV4U3550,93.1,$70.00
LSV4U4540,102.41,$77.00
LSV4U4550,102.41,$77.00
LSW-22CW-PC,67.74,
LSW-22WW-PC,67.74,
LSW-30CW-PC,81.74,
LSW-30WW-PC,81.74,
LTA15-20027MB,286.42,
LTA15-50027MB-90,429.94,
LTA15C350-MB,336.34,
LTA19-50027MB,350.69,
LTA19-800-MB,399.36,
LTA19S50024MB,399.36,
LTA19S80027MB,441.79,
LTB10-200-CB,262.08,
LTB10-35027CB-90,346.94,
LTB10-50027MB,392.5,
LTCA10-200CB,262.08,
LTCA10-500-MB,392.5,
LTCA10F35024CB,306.38,
LTG165-200-MB,286.42,
LTG165-350-,350.69,
LTG165-500-,398.11,
LTG25-35027MB,398.11,
LTG25S35027MB,145.39,
LTG25V35022MB,433.06,
LTG40C35027MB,436.18,
LTR-2X2-40W-35K,81.74,
LTR-2X2-40W-40K,81.74,
LTR-2X2-40W-50K,81.74,
LTR-2X4-50W-35K,105.74,
LTR-2X4-50W-40K,105.74,
LTR-2X4-50W-50K,105.74,
LTRD10C35027MB,412.46,
LTRD14V35022MB-90,448.03,
LTRP-2X2-35W-40K-D,52.74,
LTRP-2X2-35W-50K-D,52.74,
LTRP-2X4-50W-40K-D,90.74,
LTRP-2X4-50W-50K-D,90.74,
LTS-22H-840,76.7,
LTS-22H-850,76.7,
LTS-24H-840,97.5,
LTS-24H-850,97.5,
LTS-24L(34S)-840,97.5,
LTS-24L(34S)-850,97.5,
LTS14,288.96,
LTS14-100-MB,257.71,
LTS14-150-MB,271.44,
LTST19V35022MB,469.87,
LTST21V35022MB,448.03,
LTTB10C35027MB,469.87,
LTTB10V20022MB,431.18,
LTTB6V20022CB-90,385.01,
LTTB9-200-MB,824.93,
LTVC19V35022MB,394.37,
LTW-50CW,134.74,
LV4-DM-E,175.0,
LVB-12-MCT-BN,68.74,
LVB-12-MCT-PC,68.74,
LVB-18-MCT-BN,76.74,
LVB-18-MCT-PC,76.74,
LVB-24-MCT-BN,87.74,
LVB-24-MCT-PC,87.74,
LVB-36-MCT-BN,99.74,
LVB-36-MCT-PC,99.74,
LVL-2FT-17W-30K-D,45.74,
LVL-2FT-17W-40K-D,45.74,
LVT-4H(52S)-840,97.5,
LVT-4H(52S)-850,97.5,
LVT-4L(45S)-840,94.9,
LVT-4L(45S)-850,94.9,
LVT-4VL(25S)-840,89.7,
LVT-4VL(25S)-850,89.7,
LVTH4CL40-850-3S-LED-,110.49,
LVTH4CL80-850-3S-LED-,129.99,
LW360-25W-30K,91.74,
LW360-25W-50K,91.74,
LW360-40W-30K,108.74,
LW360-40W-50K,108.74,
LW360-60W-30K,167.74,
LW360-60W-50K,167.74,
LW360-80W-30K,189.74,
LW360-80W-50K,189.74,
LWA-120CW,271.74,
LWA-120NW,271.74,
LWA-120WW,271.74,
LWA-12CW,60.74,
LWA-12CW-WH,67.74,
LWA-12NW,60.74,
LWA-12WW,60.74,
LWA-12WW-WH,67.74,
LWA-20CW,78.74,
LWA-20CW-WH,85.74,
LWA-20NW,78.74,
LWA-20WW,78.74,
LWA-20WW-WH,85.74,
LWA-30CW,90.74,
LWA-30CW-WH,88.74,
LWA-30WW,90.74,
LWA-30WW-WH,88.74,
LWA-50CW,108.74,
LWA-50CW-WH,153.74,
LWA-50NW,108.74,
LWA-50WW,108.74,
LWA-50WW-WH,153.74,
LWA-80CW,161.74,
LWA-80NW,161.74,
LWA-80WW,161.74,
LWP2-50CW,156.74,
LWP2-50NW,156.74,
LWP2-50WW,156.74,
LWP2-80CW,197.74,
LWP2-80NW,197.74,
LWP2-80WW,197.74,
LX5,99.99,
MAL02150W27V50KD-T3,191.8,
MAL02200W27V50KD-T3,207.2,
MAL02250W27V50KD-T3,270.2,
MAL02300W27V50KD-T3,313.6,
MAL02350W27V50KD-T3,412.3,
MAL04100W27V50KD-T3,119.0,
MAL04150W27V50KD-T3,156.1,
MAL04200W27V50KD-T3,172.2,
MAL04250W27V50KD-T3,234.5,
MAL04300W27V50KD-T3,268.1,
MAL0445W27V50KD-T3,97.3,
MAL0470W27V50KD-T3,105.0,
MCP0330W27V50KWDPG,72.24,
MCP0360W27V50KWDPG,87.5,
MCP0527W27V50KD,48.58,
MCP0540W27V50KD,51.52,
MCP0560W27V50KD,59.5,
MINIKINTAIRC,99.99,
MINISTROBELED,29.99,
ML100S,65.0,
ML10S,35.0,
ML1E242DARBK27,32.5,
ML20S,37.5,
ML2E242TR,35.25,
ML2LA17MAWHP927,28.75,
ML2LA23LCBNIP927,37.5,
ML2LA23LCWHP927,37.5,
ML2LA23LTNBNI927,32.5,
ML2LA23LTRBNI827,32.5,
ML2LA23LTRORB827,35.0,
ML2LA23LTRORB927,35.0,
ML2LA23LTRWH827,31.25,
ML2LA23LTRWH927,35.0,
ML35S,40.0,
ML3LA23MALBNI927,30.63,
ML40S,43.75,
ML4LASMSB14827,35.25,
ML4LE171RLBK27MSC-V2,35.25,
ML4LS10SOLW,17.5,
ML4LS12SRLBK827,29.93,
ML50S,45.0,
ML60S,52.5,
ML75S,55.0,
ML8E303TU-27-V2,54.53,
ML8LARBN30830,49.88,
ML9E101CCBZ27-V2,20.95,
ML9E101CCNI27-V2,20.95,
ML9E101CCWH27-V2,20.95,
ML9LA17LCNBNI927,49.21,
ML9LA23LCNBNI927,65.17,
ML9LAFBN09827,31.92,
ML9LARBN23830,41.23,
MLFP14DI3640ICL,127.68,
MLFP14EP3035,58.52,
MLFP14EP3041,58.52,$44.00
MLFP14EP3050,58.52,
MLFP14EP3541,63.84,$48.00
MLFP22EP3035,52.54,$31.00
MLFP22EP3041,52.54,$31.00
MLFP22EP3050,52.54,
MLFP24EP4035,65.84,$49.50
MLFP24EP4041,65.84,$49.50
MLFP24EP4050,65.84,$49.50
MLFP24EP4835-V2,98.42,
MLFP24EP4841-V2,98.42,
MLFP24EP4850-V2,98.42,
MLH0313027V50KCD,101.36,
MLH0318027V50KCD,126.28,
MLH0320527V50KCD,148.96,
MLH0330027V50KCD,199.64,
MLH039027V50KCD,78.68,
MLIT22D2535,127.68,
MLIT22D2540,127.68,
MLIT24D3235,176.89,
MLIT24D3240,176.89,
MLLBA,0.0,
MLLBA-0001,5.0,
MLLBA-0002,1.56,
MLLBA-0003,1.56,
MLLBA-0004,1.25,
MLLBA-0005,3.13,
MLLBA-0006,4.38,
MLLBA-0007,2.5,
MLLBA-0008,1.25,
MLLBA-0009,5.0,
MLLBA-0015,0.94,
MLLBA-0022,1.25,
MLLBA-0029,6.25,
MLLBA-0057,6.25,
MLRP24E4035D,113.05,
MLRP24E4035I,127.68,
MLRP24E4040D,113.05,
MLRT22D3240,62.51,
MLRT22D3250,45.0,
MLRT24D4240,83.79,
MLRT24D4250,83.79,
MLVPC14LED50C,127.68,
MLVT22D3635-SB,59.85,
MLVT22D3640-SB,59.85,
MLVT24D4535-SB,87.78,
MLVT24D4540-SB,87.78,
MM2-927-FL-DIM120,33.12,
MM2-930-FL-DIM120,33.12,
MM2-935-FL-DIM120,33.12,
MM2-940-FL-DIM120,33.12,
MM630U-50FDG,1685.11,
MP-AR100-40,356.44,
MP-AR100-50,356.44,
MP-AR150-40,486.78,
MP-AR150-50,486.78,
MP-AR200-40,610.47,
MP-AR200-50,610.47,
MP-AR250-40,760.76,
MP-AR250-50,760.76,
MP-AR300-40,843.22,
MP-AR300-50,843.22,
MP-CP28U-40,206.15,
MP-CP28U-50,206.15,
MP-CP55U-40,232.75,
MP-CP55U-50,232.75,
MP-SM100-40,279.3,
MP-SM100-50,279.3,
MP-SM28-40,212.8,
MP-SM28-50,212.8,
MP-SM55-40,299.25,
MP-SM55-50,299.25,
MPL1014,83.2,
MR11NFL3-827-LED,7.5,
MR11NFL3-830-LED,7.5,
MR11NFL3-840-LED,7.5,
MR11NFL3-850-LED,7.5,
MR16-400L-27K-D,5.52,
MR16-400L-30K-D,5.52,
MR16-400L-41K-D,5.52,
MR16-400L-50K-D,5.52,
MR16-500L-C90-30K-D,8.3,
MR16-500L-C90-40K-D,8.3,
MR16-500L-C90-50K-D,8.3,
MR16-50WE-6.5WD27K-B38,5.37,
MR16-50WE-6.5WD50K-B38,5.37,
MR16-5W-RGB,19.74,
MR16FL4-827-GU10-LED,10.39,
MR16FL4-827-LED2,9.74,
MR16FL4-830-GU10-LED,10.39,
MR16FL4-830-LED2,9.74,
MR16FL4-840-GU10-LED,10.39,
MR16FL4-850-GU10-LED,10.39,
MR16FL4-850-LED2,9.74,
MR16FL6-827-GU10-LED,10.39,
MR16FL6-827-LED2,11.04,
MR16FL6-830-GU10-LED,10.39,
MR16FL6-830-LED2,11.04,
MR16FL6-840-GU10-LED,10.39,
MR16FL6-850-GU10-LED,10.39,
MR16FL6-850-LED2,11.04,
MR16NFL6-830-LED2,11.04,
MRL01100W27V40KSGP0T3,144.34,
MRL0170W27V40KSGP0T3,125.44,
MSO-IP66-KN,121.74,
MSO-REMOTE1,108.74,
MTM00506224C,17.55,
MTM016006227C,29.25,
MTM04506227C,52.65,
MWAVEDH-DIM10V-MT,40.0,
MWP0830W27V50KD,65.94,
MWP0840W27V50KD,68.88,
MWP0865W27V50KD,75.6,
MWP0890W27V50KD,101.92,
NCLEDTRACK,1.5,
NYELXTEUR-EM,60.0,
NYKXTEU,72.5,
NYRELZXTE-EM,93.75,
NYXTEU3RWEM,38.06,
PAR20-50WE-7WD27K,4.13,
PAR20-50WE-7WD50K-B25,4.13,
PAR20-7W-30K-D,3.74,
PAR30-60WE-12WD27K,4.54,
PAR30-LN-10W-30K-D,4.74,
PAR30-LN-10W-50K-D,4.74,
PAR30-SN-10W-30K-D,4.74,
PAR30-SN-10W-50K-D,4.74,
PAR30L-75WE-11WD27K-B40,4.54,
PAR30L-75WE-11WD50K-B40,4.54,
PAR38-120WE-15WD50K-B40,7.02,
PAR38-13W-30K-D,6.74,
PAR38-13W-50K-D,6.74,
PAR38-75WE-15WD27K-B36,7.02,
PC-B1,9.74,
PC-B1-W,10.74,
PC-B2,10.74,
PC-FS1,15.74,
PC-SM1,13.74,
PC-SM2,14.74,
PC-SMWS1,15.74,
PC-TWIST,14.74,
PH-GH360HBPRF-WC0,905.08,
PH-GH360HBPRX-WC0,898.63,
PH-GH360HBXRF-WC0,959.46,
PH-GH360HFSRF-WC0,943.34,
PH-GH360UBPRF-WC0,867.88,
PH-GH360UBPRX-WC0,861.43,
PH-GH360UBXRF-WC0,931.25,
PH-GH360UFSRF-WC0,909.04,
PH-GH600HBPRF-WC0,1096.19,
PH-GH600HBPRX-WC0,1089.95,
PH-GH600HBXRF-WC0,1179.2,
PH-GH600HFSRF-WC0,1146.62,
PH-GH600UBPRF-WC0,1035.46,
PH-GH600UBPRX-WC0,1029.22,
PH-GH600UBXRF-WC0,1118.46,
PH-GH600UFSRF-WC0,1085.89,
PH-MHF315130,304.57,
PH-SL1200UF-L,3468.64,"$2,608.00"
PH-SL600UF-L,1734.32,"$1,304.00"
PL-SQ12S-,281.96,
PL10H-835-BYP-LED,13.87,
PL10H-841-BYP-LED,13.87,
PL10H-850-BYP-LED,13.87,
PL10V-835-BYP-LED,13.87,
PL10V-841-BYP-LED,13.87,
PL10V-850-BYP-LED,13.87,
PL12-30K-BK,12.74,
PL12-30K-BN,13.74,
PL12-30K-WH,12.74,
PL12-3KIT-30K-BK,54.74,
PL12-3KIT-30K-BN,56.74,
PL12-3KIT-30K-WH,54.74,
PL12-3KIT-40K-BK,54.74,
PL12-3KIT-40K-BN,56.74,
PL12-3KIT-40K-WH,54.74,
PL12-3KIT-50K-BK,54.74,
PL12-3KIT-50K-BN,56.74,
PL12-3KIT-50K-WH,54.74,
PL12-40K-BK,12.74,
PL12-40K-BN,13.74,
PL12-40K-WH,12.74,
PL12-50K-BK,12.74,
PL12-50K-BN,13.74,
PL12-50K-WH,12.74,
PL12ADJ-30K-BK,20.74,
PL12ADJ-30K-WH,20.74,
PL12ADJ-40K-BK,20.74,
PL12ADJ-40K-WH,20.74,
PL12ADJ-50K-BK,20.74,
PL12ADJ-50K-WH,20.74,
PL12R-30K-WH,14.74,
PL12R-40K-WH,14.74,
PL12R-50K-WH,14.74,
PL12S-30K-WH,14.74,
PL12S-40K-WH,14.74,
PL12S-50K-WH,14.74,
PL13H-827-4P-LED,9.04,
PL13H-830-4P-LED,9.04,
PL13H-841-4P-LED,9.04,
PL13H-850-4P-LED,9.04,
PL13V-827-4P-LED,9.04,
PL13V-830-4P-LED,9.04,
PL13V-835-4P-LED,9.04,
PL13V-850-4P-LED,9.04,
PL2X240W,42.9,
PL2X450W,68.9,
PLC18HG24D-8-06P-P2-HB,167.66,
PLC18HG24Q-8-06P-P2-EB,167.76,
PLC18HGX23-8-06P-P2-HB,167.66,
PLC26HG24D-8-11P-P2-HB,193.2,
PLC26HG24Q-8-10P-P2-EB,193.2,
PLC26VSG24D-8-10P-P2-HB,453.6,
PLC26VSG24Q-8-09P-P2-EB,453.6,
PLF-100-50,258.7,
PLF-150-50,310.7,
PLF-30-50,85.8,
PLF-50-50,119.6,
PLL402G11-8-17P-P2-EB,334.32,
PLSGX23-8-5P5-P2-HB,167.66,
PRPT3,50.74,
PRPT4,50.74,
PRPT5,52.74,
PRSWMB90Z,43.75,
PRSWMBZ,28.75,
PSCC45020,21.32,
PSCC70025,30.68,
PSCCA4050,41.6,
PSR4,39.74,
PSS4C,18.74,
PSS4Q90HTZ,106.74,
PSS4Q90VTZ,264.74,
PSS4SVTZ,45.74,
PSS4T180HTZ,81.74,
PSS4T90HTZ,76.74,
PSS4TR90HTZ,90.74,
PSS4TRVTZ,282.23,
PSS4TVTZ,213.74,
PT2-180,93.74,
PT3-180,143.74,
PT4-090,218.74,
PT4-180,249.74,
QMP-100,444.22,
QMP-150,585.2,
QMP-200,712.88,
QMP-250,867.16,
QMP-300,1037.4,
QMP-50,303.24,
R4HT1S00BZ,28.2,
R4HT218BZ,42.56,
R4HT290BZ,39.9,
R4HT312BZ,49.21,
R4HT390BZ,49.21,
R4HT490BZ,57.19,
R60-SP2-180-D,24.92,
R60-SP2-90-D,24.92,
R60-SP3-120-D,28.7,
R60-SP3-90-D,28.7,
R60-SP4-90-D,32.48,
RC-100,22.68,
RCF61330W,27.93,
RCF61340W,27.93,$19.25
RCF61830W,29.26,$20.25
RCF61840W,29.26,$20.25
RCF81330W,32.25,
RCF81340W,32.35,$22.50
RCF81830W,33.58,$23.50
RCF81840W,33.58,$23.50
RDL2S-BF-27K,31.74,
RDL2S-BF-30K,31.74,
RDL2S-BF-35K,31.74,
RDL2S-BF-40K,31.74,
RDL2S-BF-50K,31.74,
RDL3-27K-WP,9.74,
RDL3-30K-WP,9.74,
RDL3-41K-WP,9.74,
RDL3-50K-WP,9.74,
RDL3S-ADJ-27K,36.74,
RDL3S-ADJ-30K,36.74,
RDL3S-ADJ-40K,36.74,
RDL3S-ADJ-50K,36.74,
RDL4-27K-WP,9.74,
RDL4-30K-WP,9.74,
RDL4-35K-WP,9.74,
RDL4-41K-WP,9.74,
RDL4-50K-WP,9.74,
RDL4-65K-WP,9.74,
RDL4-ADJ-27K,15.74,
RDL4-ADJ-30K,15.74,
RDL4-ADJ-41K,15.74,
RDL4-ADJ-50K,15.74,
RDL4-BF-27K,8.74,
RDL4-BF-30K,8.74,
RDL4-BF-35K,8.74,
RDL4-BF-41K,8.74,
RDL4-BF-50K,8.74,
RDL6-27K-WP,10.74,
RDL6-30K-WP,10.74,
RDL6-35K-WP,10.74,
RDL6-41K-WP,10.74,
RDL6-50K-WP,10.74,
RDL6-65K-WP,10.74,
RDL6-ADJ-27K,16.74,
RDL6-ADJ-30K,16.74,
RDL6-ADJ-41K,16.74,
RDL6-ADJ-50K,16.74,
RDL6-BF-27K,10.74,
RDL6-BF-30K,10.74,
RDL6-BF-35K,10.74,
RDL6-BF-41K,10.74,
RDL6-BF-50K,10.74,
RDLED15W6IN3CT,8.13,
RDLED8W4IN3CT,11.7,
RELZXTE-,52.5,
RF408ICAT27WJ,15.96,
RF408ICAT30W,15.63,
RF408ICAT40W,15.63,
RF610ICAT27WJ,17.29,
RF610ICAT30W,16.96,
RF610ICAT40W,16.96,
RGB3-LW2,40.0,
RGBCONTROLLER4.0,85.0,
RHB150-840-UNV-W,206.7,
RHB150-850-UNV-W,206.7,
RHB200-840-UNV-W,271.7,
RHB200-850-UNV-W,271.7,
RHLED1-MV,8.13,
RHLED2-MV,12.5,
RHX-100-850,171.6,
RHX-150-840,205.4,
RHX-150-850,205.4,
RHX-200-850,314.6,
RHX-240-850,353.6,
RKT2014U4035DV,39.9,$30.00
RL-4818U-40,26.79,
RL-6022U-40,29.61,
RL-7226U-40,32.43,
RLED-5-30W,48.75,
RLED-6-30W,48.75,
RP-HTHB-21L-50K,777.93,
RP-HTHB-21L-50K-HV,813.03,
RP-LBI-G1-2F-6W-40K-WC,30.42,
RP-SAL-30W-50K-SF-GY-G1,973.7,
RP-SAL-8W-50K-SF-GY-G1,453.7,
RP-SCD-11N-8L-40K-WC-G2-,93.6,
RP-SML-4W-40K-BK-G1,70.2,
RP-SSL-1W-40K-BK-G1,37.7,
RP-SWL-15W-40K-BK-G1,115.7,
RP-SWL-7W-40K-BK-G1,76.7,
RPT-LEDBLOCK-100L-750-G3,195.0,
RPT-LEDBLOCK-150L-750-G3,260.0,
RPT-LEDBLOCK-200L-750-G3,299.0,
RPT-LEDBLOCK-300L-750-G3,364.0,
RPT-LEDBLOCK-400L-750-G3,585.0,
RPT-LEDBLOCK-65L-750-G3,152.1,
RR-409U-30W,22.61,
RR-409U-40W,22.61,
RR-409U-50W,22.61,
RR-613U-30W,27.93,
RR-613U-40W,27.93,$21.00
RR-613U-50W,27.93,
RR41027W-L9,6.32,$4.75
RR41030W-L9,6.32,$4.75
RR41040W-L9,6.32,
RR41227WC,6.56,$5.75
RR41530W-V2,53.75,
RR42340W,53.75,
RR61127W-L9,8.31,$6.25
RR61130W-L9,8.31,$6.25
RR61140W-L9,8.31,
RR61530W-V2,45.63,
RR61827W-L9,9.98,
RR61830W-L9,9.98,
RR81527W-V2,51.25,
RR82327W,51.25,$44.00
RR91530W-V2,51.25,
RRECO61230-W-V2,55.86,
RRECO61240-W-V2,55.86,
RRECO61830W-V2,57.19,
RRECO61840W-V2,57.19,
RRECO62730-W-V2,61.18,
RRECO62740-W-V2,61.18,
RRECO81230-W-V2,61.18,
RRECO81240-W-V2,61.18,
RRECO81830-W-V2,62.51,
RRECO81840-W-V2,62.51,
RRECO82440W-V2,65.17,
RRECO84040W-V2,74.48,
RRXC10U30,62.51,$47.00
RRXC10U35,62.51,
RRXC10U40,62.51,$47.00
RRXC12U30ZEM,210.14,$158.00
RRXC12U35ZEM,210.14,
RRXC12U40ZEM,210.14,$158.00
RRXC15U27Z,63.84,
RRXC15U30,63.84,$48.00
RRXC15U30ZEM,211.47,
RRXC15U35,63.84,$48.00
RRXC15U35ZEM,211.47,$159.00
RRXC15U40,63.84,$48.00
RRXC15U40ZEM,211.47,
RS-482XT8,25.38,
RS-4835U-40,62.51,
RS-4835U-50,62.51,
RS-4846U-50,74.48,
RSL12-30K,41.74,
RSL12-40K,41.74,
RSL12-50K,41.74,
RSL3-27K,17.74,
RSL3-30K,17.74,
RSL3-40K,17.74,
RSL3-50K,17.74,
RSL4-27K,17.74,
RSL4-30K,17.74,
RSL4-40K,17.74,
RSL4-50K,17.74,
RSL4-ADJ-27K,24.74,
RSL4-ADJ-30K,24.74,
RSL4-ADJ-40K,24.74,
RSL4-ADJ-50K,24.74,
RSL4-APD-27K,37.74,
RSL4-APD-30K,37.74,
RSL4-APD-40K,37.74,
RSL4-APD-50K,37.74,
RSL4-MCT,26.74,
RSL6-27K,20.74,
RSL6-30K,20.74,
RSL6-40K,20.74,
RSL6-50K,20.74,
RSL6-ADJ-27K,31.74,
RSL6-ADJ-30K,31.74,
RSL6-ADJ-40K,31.74,
RSL6-ADJ-50K,31.74,
RSL6-MCT,29.74,
RSL8-30K,26.74,
RSL8-40K,26.74,
RSL8-50K,26.74,
RTUS14-S-30W-4K-PE,106.6,
RTUS22-S-30W-4K-PE,91.0,
RTUS24-S-30W-4K-PE,118.3,
RTUS24-S-40W-4K-PE,118.3,
RXL-4H(32S)-840,63.7,
RXL-4H(32S)-850,63.7,
RXL-4L(23S)-840,57.2,
RXL-4L(23S)-850,57.2,
RXL-8H(54S)-840,97.5,
RXL-8H(54S)-850,97.5,
RXL-8H(65S)-850,97.5,
RXL-8L(38S)-840,93.6,
RXL-8L(38S)-850,93.6,
RXL-8VH(90S)-840,110.5,
S14AMB2ANT-822-LED,5.03,
S14BLU1C-LED,5.53,
S14CL1C-LED,5.53,
S14CL2ANT-827-LED2,5.03,
S14GRN1C-LED,5.53,
S14ORG1C-LED,5.53,
S14RED1C-LED,5.53,
S14WH1C-LED,5.53,
S14YEL1C-LED,5.53,
S2X2P-8-30P-M1-NFD,167.96,
S2X4P-8-40P-M1-NFD,128.77,
S4VT1S00BZ,49.21,
SAR-1000,525.0,
SAR-400,265.0,
SAR-600,287.5,
SAR-750,410.0,
SB-100-A1NZ,102.0,
SB-150W-A2NZ,135.0,
SB-200-A2NZ,154.5,
SB-300-A3NZ,210.0,
SB-300W-CNZ,150.0,
SB-80-A1NZ,102.0,
SCL-4FT-UD-40W-35K-D,173.74,
SCL-4FT-UD-40W-40K-D,173.74,
SCL-4FT-UD-40W-50K-D,173.74,
SCL-L(40)-50K,122.2,
SCLL-UD-4FT-60W-35K-D,267.74,
SCLL-UD-4FT-60W-40K-D,267.74,
SCLL-UD-4FT-60W-50K-D,267.74,
SCLP-4FT-40W-35K-D,171.74,
SCLP-4FT-40W-40K-D,171.74,
SCLP-4FT-40W-50K-D,171.74,
SCLP-UD-4FT-60W-35K-D,228.74,
SCLP-UD-4FT-60W-40K-D,228.74,
SCLP-UD-4FT-60W-50K-D,228.74,
SCLR-4FT-40W-35K-D,133.74,
SCLR-4FT-40W-40K-D,133.74,
SCLR-4FT-40W-50K-D,133.74,
SCLT-4FT-40W-35K-D,171.74,
SCLT-4FT-40W-40K-D,171.74,
SCLT-4FT-40W-50K-D,171.74,
SCP-40-50,123.5,
SCPL-UD-4FT-60W-35K-D,267.74,
SCPL-UD-4FT-60W-40K-D,267.74,
SCPL-UD-4FT-60W-50K-D,267.74,
SCPP-UD-4FT-60W-35K-D,308.74,
SCPP-UD-4FT-60W-40K-D,308.74,
SCPP-UD-4FT-60W-50K-D,308.74,
SCR-24D-35K-D,360.74,
SCR-24D-40K-D,360.74,
SCR-24D-50K-D,360.74,
SCRT-320,272.5,
SCX-2FT-20W-30K-D,72.74,
SCX-2FT-20W-35K-D,72.74,
SCX-2FT-20W-40K-D,72.74,
SCX-2FT-20W-50K-D,72.74,
SCX-3FT-30W-30K-D,117.74,
SCX-3FT-30W-35K-D,117.74,
SCX-3FT-30W-40K-D,117.74,
SCX-3FT-30W-50K-D,117.74,
SCX-4FT-40W-30K-D,123.74,
SCX-4FT-40W-35K-D,123.74,
SCX-4FT-40W-40K-D,123.74,
SCX-4FT-40W-50K-D,123.74,
SCX-6FT-60W-30K-D,181.74,
SCX-6FT-60W-35K-D,181.74,
SCX-6FT-60W-40K-D,181.74,
SCX-6FT-60W-50K-D,181.74,
SCX-8FT-80W-30K-D,242.74,
SCX-8FT-80W-35K-D,242.74,
SCX-8FT-80W-40K-D,242.74,
SCX-8FT-80W-50K-D,242.74,
SDL2S-BF-27K,31.74,
SDL2S-BF-30K,31.74,
SDL2S-BF-40K,31.74,
SDL2S-BF-50K,31.74,
SDL3S-ADJ-27K,38.74,
SDL3S-ADJ-30K,38.74,
SDL3S-ADJ-40K,38.74,
SDL3S-ADJ-50K,38.74,
SDL4-BF-27K,16.74,
SDL4-BF-30K,16.74,
SDL4-BF-41K,16.74,
SDL4-BF-50K,16.74,
SDL6-BF-27K,17.74,
SDL6-BF-30K,17.74,
SDL6-BF-41K,17.74,
SDL6-BF-50K,17.74,
SEC15U40BPC,85.12,
SEC15U50BPC,85.12,
SEEXELU,131.25,
SFX-G5-1000W-30D-50K,3587.74,
SFX-G5-600W-30D-50K,2336.74,
SJDL-415-10V-835,55.9,
SJDL-415-10V-840,55.9,
SJDL-420-10V-835,59.8,
SJDL-420-10V-840,59.8,
SJDL-615-10V-835,59.8,
SJDL-615-10V-840,59.8,
SJDL-620-10V-835,62.4,
SJDL-620-10V-840,62.4,
SJDL-815-10V-835,62.4,
SJDL-815-10V-840,62.4,
SJDL-820-10V-835,64.35,
SJDL-820-10V-840,64.35,
SKFHBP,51.87,
SKPT20,53.2,
SKPT30,87.78,
SKPT50,93.1,
SL-10W-30K-BZ-D,29.74,
SL-10W-30K-WH-D,29.74,
SL-10W-50K-BZ-D,29.74,
SL-10W-50K-WH-D,29.74,
SL-20W-30K-BZ-D,36.74,
SL-20W-30K-BZ-P,58.74,
SL-20W-30K-WH-D,36.74,
SL-20W-30K-WH-P,58.74,
SL-20W-50K-BZ-D,36.74,
SL-20W-50K-BZ-P,58.74,
SL-20W-50K-WH-D,36.74,
SL-20W-50K-WH-P,58.74,
SL-28W-30K-BZ-D,51.74,
SL-28W-30K-BZ-P,62.74,
SL-28W-30K-WH-D,51.74,
SL-28W-30K-WH-P,62.74,
SL-28W-50K-BZ-D,51.74,
SL-28W-50K-BZ-P,62.74,
SL-28W-50K-WH-D,51.74,
SL-28W-50K-WH-P,62.74,
SL-30W-30K-BZ-D,59.74,
SL-30W-30K-BZ-P,74.74,
SL-30W-30K-WH-D,59.74,
SL-30W-30K-WH-P,74.74,
SL-30W-50K-BZ-D,59.74,
SL-30W-50K-BZ-P,74.74,
SL-30W-50K-WH-D,59.74,
SL-30W-50K-WH-P,74.74,
SL-40W-30K-BZ-D,59.74,
SL-40W-30K-WH-D,59.74,
SL-40W-50K-BZ-D,59.74,
SL-40W-50K-WH-D,59.74,
SL-48421-50,25.27,
SL-HPIR-BZ,22.74,
SL-HPIR-WH,22.74,
SL-PIR-BZ,13.74,
SL-PIR-WH,13.74,
SLB-212-30K-P,41.74,
SLB-212-50K-P,41.74,
SLB-312-30K-P,51.74,
SLE-120V-30K,30.74,
SLE-120V-50K,30.74,
SLE-12V-30K,22.74,
SLE-12V-50K,22.74,
SLEA-120V-30K,30.74,
SLEA-120V-50K,30.74,
SLEA-12V-30K,22.74,
SLEA-12V-50K,22.74,
SLFT4-80CCT2750-DIM010UNV,67.96,
SLFT4-80CCTS-DIM010UNV,67.96,
SLFT4-80CCTS-DIM120V,67.96,
SLFT6-80CCT2750-DIM010UNV,75.89,
SLFT6-80CCTS-DIM010UNV,75.89,
SLFT6-80CCTS-DIM120V,75.89,
SLFT8-80CCT2750-DIM010UNV,86.16,
SLFT8-80CCTS-DIM010UNV,86.16,
SLFT8-80CCTS-DIM120V,86.16,
SLFT9.5-80CCT2750-DIM010UNV,106.7,
SLFT9.5-80CCTS-DIM010UNV,106.7,
SLFT9.5-80CCTS-DIM120V,106.7,
SLIMPAR56IRCIP,159.99,
SLR-4FT-40W-50K-D,51.74,
SM1H65,77.15,
SM1N65,133.0,
SM2H65,98.42,
SM2N65,73.15,
SM3H65,126.35,
SM3N65,95.76,$1
SM4H65,73.15,$1
SM4N65,122.36,$1
SMKT24,23.5,
SNC-CLH-115W1A1-E,84.2,
SNC-CLH-27W1A1-,40.1,
SNC-CLH-36W1A1-,42.9,
SNC-CLH-54W1A2-,49.9,
SNC-CLH-75W1A1-,73.7,
SNC-CLH-95W1A1-,75.8,
SNC-CLW-100WB1,70.9,
SNC-CLW-120WB1,75.8,
SNC-CLW-12WA1,16.0,
SNC-CLW-150WB1,87.0,
SNC-CLW-15WA2,20.5,
SNC-CLW-20WA2,25.3,
SNC-CLW-30WB1E,36.6,
SNC-CLW-40WB1E,39.4,
SNC-CLW-60WB1,45.0,
SNC-CLW-7WA1,13.25,
SNC-CLW-80WB1,64.6,
SNC-HB02-100WD1,130.0,
SOLF-17W-50K,593.74,
SOLF-36W-50K,1118.74,
SOLF-54W-50K,1501.74,
SP-400W-BYZD,480.0,
SP-600W-BYZD,735.0,
SPD-277P-10KA-EC-1,6.5,
SPD-347P-10KA,9.1,
SPL-4FT-40W-35K-D,171.74,
SPL-4FT-40W-40K-D,171.74,
SPL-4FT-40W-50K-D,171.74,
SRPL-40W-35K-D,195.74,
SRPL-40W-40K-D,195.74,
SRPL-40W-50K-D,195.74,
SSL4-27K,19.74,
SSL4-30K,19.74,
SSL4-40K,19.74,
SSL4-50K,19.74,
SSL6-27K,22.74,
SSL6-30K,22.74,
SSL6-40K,22.74,
SSL6-50K,22.74,
ST19-60WE-5WD22K-FIL,5.78,
ST19-FLA-5W-22K-D-AM,5.55,
ST19AMB5ANT-822-LED2,5.19,
ST19AMB6ANT-822-CF-LED2,8.28,
ST19AMB7ANT-822-LED2,6.1,
ST19CL5ANT-827-LED2,5.19,
ST19CL7ANT-827-LED2,6.1,
STG-2412-27K,60.74,
STL2-100W-50K,243.74,
STL2-150W-50K,297.74,
STL2-200W-50K,471.74,
STL2-50W-50K,167.74,
SWP-17-BRZ,57.5,
SWP-25-BRZ,61.25,
SXTEU2-,32.5,
T-RFG-5FT-22W-50K-C,36.74,
T-RFG-6FT-30W-50K-C,39.74,
T10AMB4ANT-822-LED2,7.14,
T10CL4ANT-827-LED2,7.14,
T14CL4ANT-827-LED2,7.14,
T5-12IN-5W-30K-D,16.74,
T5-12IN-5W-40K-D,16.74,
T5-12IN-5W-50K-D,16.74,
T5-22IN-9W-40K,22.74,
T5-22IN-9W-50K,22.74,
T5-47IN-16W-40K,29.74,
T5-47IN-16W-50K,29.74,
T6AMB2ANT-822-LED2,7.14,
T8-4FT-18W-35K-D-F,518.5,
T8-4FT-18W-40K-D-F,518.5,
T8-4FT-18W-50K-D-C,518.5,
T8-4FT-18W-50K-D-F,518.5,
T8-4FT-DIM-18W-35K-C,200.88,
T8-4FT-DIM-18W-35K-F,200.88,
T8-4FT-DIM-18W-40K-C,200.88,
T8-4FT-DIM-18W-40K-F,200.88,
T8-4FT-DIM-18W-50K-C,200.88,
T8-4FT-DIM-18W-50K-F,200.88,
T8-8FT-40W-40K-C,494.8,
T8-8FT-40W-40K-F,494.8,
T8-8FT-40W-50K-C,494.8,
T8-8FT-40W-50K-F,494.8,
T8-EZ3-2FT-15W-30K-C,140.88,
T8-EZ3-2FT-15W-40K-C,140.88,
T8-EZ3-2FT-15W-50K-C,140.88,
T8-EZ3-4FT-18W-30K-C,293.5,
T8-EZ3-4FT-18W-30K-F,293.5,
T8-EZ3-4FT-18W-35K-C,293.5,
T8-EZ3-4FT-18W-40K-C,293.5,
T8-EZ3-4FT-18W-40K-F,293.5,
T8-EZ3-4FT-18W-50K-C,293.5,
T8-EZ3-4FT-18W-50K-F,293.5,
T8-EZ4-18W-40K-C,104.88,
T8-EZ4-18W-40K-F,104.88,
T8-EZ4-18W-50K-C,104.88,
T8-EZ4-18W-50K-F,104.88,
T8-EZ4-HL-15W-30K-C,104.88,
T8-EZ4-HL-15W-30K-F,104.88,
T8-EZ4-HL-15W-35K-C,104.88,
T8-EZ4-HL-15W-35K-F,104.88,
T8-EZ4-HL-15W-40K-C,104.88,
T8-EZ4-HL-15W-40K-F,104.88,
T8-EZ4-HL-15W-50K-C,104.88,
T8-EZ4-HL-15W-50K-F,104.88,
T8-U2F-EZ3-15W-35K-C,277.4,
T8-U2F-EZ3-15W-40K-C,277.4,
T8-U2F-EZ3-15W-50K-C,277.4,
T8A09554A2AF,7.02,
T8B15556A2A-,6.2,
T8FR15-840-DIR-ECO-LED2,5.14,
T8FR15-850-DIR-ECO-LED2,5.14,
T8M2-12W,9.1,
T8M3-15W,9.75,
T8M4-18W,7.15,
T8M4-22W,7.8,
T8M5-25W,20.0,
T8M6-30W,20.0,
T8M8-36W,20.0,
test,0.01,
Test11,0.0,
Tester1,5.0,
TFX-UVLED,159.99,
TH-R2G10MR-W,16.25,
TH-S1E26P30-W,21.25,
TR-100W-DT-TPC-SS,140.74,
TR-150W-MT-SS,185.74,
TR-200W-DT-TPC-SS,153.74,
TR-300W-MT-SS,256.74,
TR-40W-DT-TPC-SS,110.74,
TR-600W-MT-SS,351.74,
TR-75W-DT-TPC-SS,121.74,
TR-900W-MT-SS,444.74,
TR1-R-10W-WH-30K,52.74,
TR1-R-10W-WH-40K,52.74,
TR1-R-10W-WH-50K,52.74,
TR1-S-10W-WH-30K,52.74,
TR1-S-10W-WH-40K,52.74,
TR1-S-10W-WH-50K,52.74,
TR2.37BZ,19.74,
TRK-22-29-D-B-40,55.28,
TRK-22-29-D-B-50,55.28,
TRK-24-39-D10-B-40,73.43,
TRK-2X4-39-D10-B-40,73.43,
TRK-2X4-39-D10-B-50,73.43,
TRK22D2335,61.18,$46.00
TRK22D2340,61.18,$46.00
TRK22D2350,61.18,$46.00
TRK24D3335,73.15,
TRK24D3340,73.15,$55.00
TRK24D3350,73.15,
U13T8DF235,15.1,
U13T8DF240,15.1,
U13T8DF250,15.1,
U15.5T8SE235,16.1,
U15.5T8SE240,16.1,
U15.5T8SE250,16.1,
U6-8-15P-G4-EB,178.5,
U6-8-17P-G4-BP,142.8,
UC-ADJ-12W,32.74,
UC-ADJ-12WW,32.74,
UC-ADJ-20W,50.74,
UC-ADJ-20WW,50.74,
UC-ADJ-40W,92.74,
UC-ADJ-40WW,92.74,
UC12W,25.74,
UC12WW,25.74,
UC20W,40.74,
UC20WW,40.74,
UC32W,57.74,
UC32WW,57.74,
UC40W,80.74,
UC40WW,80.74,
UC6W,18.74,
UC6WW,18.74,
UCA-12-BRZ,36.74,
UCA-12-WHT,36.74,
UCA-16-BRZ,50.74,
UCA-16-WHT,50.74,
UCA-21-BRZ,54.74,
UCA-21-WHT,54.74,
UCA-24-BRZ,59.74,
UCA-24-WHT,59.74,
UCA-33-BRZ,68.74,
UCA-33-WHT,68.74,
UCA-42-BRZ,85.74,
UCA-42-WHT,85.74,
UCA-8-BRZ,33.74,
UCA-8-WHT,33.74,
UCW12W,25.74,
UCW12WW,25.74,
UCW20W,40.74,
UCW20WW,40.74,
UCW32W,57.74,
UCW32WW,57.74,
UCW40W,80.74,
UCW40WW,80.74,
UCW6W,18.74,
UCW6WW,18.74,
UFHB-150W-50K,399.74,
UFHB-200W-50K,462.74,
ULHB-100W-30K,170.74,
ULHB-100W-40K,170.74,
ULHB-100W-50K,170.74,
ULHB-100W-50K-480V,238.74,
ULHB-100W-50K-WH,187.74,
ULHB-150W-30K,198.74,
ULHB-150W-40K,198.74,
ULHB-150W-50K,198.74,
ULHB-150W-50K-480V,276.74,
ULHB-150W-50K-WH,219.74,
ULHB-200W-30K,231.74,
ULHB-200W-40K,231.74,
ULHB-200W-50K,231.74,
ULHB-200W-50K-480V,370.74,
ULHB-200W-50K-WH,253.74,
ULHB-240W-30K,269.74,
ULHB-240W-40K,269.74,
ULHB-240W-50K,269.74,
ULHB-240W-50K-480V,383.74,
ULHB-50W-30K,137.74,
ULHB-50W-40K,137.74,
ULHB-50W-50K,137.74,
ULHB-50W-50K-WH,152.74,
ULHB-EHL-300W-50K,517.74,
ULR-ACCESSORIES,0.0,
ULR-ACCESSORIES-0002,5.21,
ULR-ACCESSORIES-0003,5.21,
ULR-ACCESSORIES-0004,5.21,
ULR-ACCESSORIES-0005,39.0,
ULR-ACCESSORIES-0006,0.19,
ULR-ACCESSORIES-0007,0.16,
ULR-ACCESSORIES-0008,47.36,
ULR-ACCESSORIES-0009,62.69,
ULR-ACCESSORIES-0010,3.06,
ULR-ACCESSORIES-0011,2.56,
ULR-ACCESSORIES-0012,3.06,
ULR-ACCESSORIES-0013,2.8,
ULR-ACCESSORIES-0014,2.56,
ULR-ACCESSORIES-0015,2.8,
ULR-ACCESSORIES-0016,2.56,
ULR-ACCESSORIES-0017,2.56,
ULR-ACCESSORIES-0018,2.56,
ULR-ACCESSORIES-0019,79.41,
ULR-ACCESSORIES-0020,4.65,
ULR-ACCESSORIES-0021,4.65,
ULR-ACCESSORIES-0022,17.66,
ULR-ACCESSORIES-0023,5.49,
ULR-ACCESSORIES-0024,27.19,
ULR-ACCESSORIES-0025,8.18,
ULR-ACCESSORIES-0026,8.55,
ULR-ACCESSORIES-0027,9.46,
ULR-ACCESSORIES-0028,9.46,
ULR-ACCESSORIES-0029,11.06,
ULR-ACCESSORIES-0030,202.06,
ULR-ACCESSORIES-0031,2.73,
ULR-ACCESSORIES-0032,2.09,
ULR-ACCESSORIES-0033,3.2,
ULR-ACCESSORIES-0034,2.03,
ULR-ACCESSORIES-0035,2.09,
ULR-ACCESSORIES-0036,2.09,
ULR-ACCESSORIES-0037,250.85,
ULR-ACCESSORIES-0038,34.81,
ULR-ACCESSORIES-0039,3.05,
ULR-ACCESSORIES-0040,3.05,
ULR-ACCESSORIES-0041,3.05,
ULR-ACCESSORIES-0042,3.05,
ULR-ACCESSORIES-0043,3.18,
ULR-ACCESSORIES-0044,3.05,
ULR-ACCESSORIES-0045,4.43,
ULR-ACCESSORIES-0046,1.13,
ULR-ACCESSORIES-0047,0.96,
ULR-ACCESSORIES-0048,0.79,
ULR-ACCESSORIES-0049,0.79,
ULR-ACCESSORIES-0050,0.8,
ULR-ACCESSORIES-0051,0.63,
ULR-ACCESSORIES-0052,0.94,
ULR-ACCESSORIES-0053,0.46,
ULR-ACCESSORIES-0054,0.19,
ULR-ACCESSORIES-0055,0.1,
ULR-ACCESSORIES-0056,0.79,
ULR-ACCESSORIES-0057,3.05,
ULR-ACCESSORIES-0058,3.05,
ULR-ACCESSORIES-0059,3.05,
ULR-ACCESSORIES-0060,3.05,
ULR-ACCESSORIES-0061,3.18,
ULR-ACCESSORIES-0062,3.05,
ULR-ACCESSORIES-0063,4.43,
ULR-ACCESSORIES-0064,4.65,
ULR-ACCESSORIES-0065,1.29,
ULR-IN-16F-HO-27K,31.74,
ULR-IN-16F-HO-30K,31.74,
ULR-IN-16F-HO-40K,31.74,
ULR-IN-16F-HO-50K,31.74,
ULR-IN-16F-HO-RGBW,64.74,
ULR-IN-16F-SO-27K,25.74,
ULR-IN-16F-SO-30K,25.74,
ULR-IN-16F-SO-40K,25.74,
ULR-IN-16F-SO-50K,25.74,
ULR-IN-16F-XHO-27K,40.74,
ULR-IN-16F-XHO-30K,40.74,
ULR-IN-16F-XHO-40K,40.74,
ULR-IN-16F-XHO-50K,40.74,
ULR-IN-98F-HO-27K,172.74,
ULR-IN-98F-HO-30K,172.74,
ULR-IN-98F-HO-40K,172.74,
ULR-IN-98F-HO-50K,172.74,
ULR-IN-98F-SO-27K,133.74,
ULR-IN-98F-SO-30K,133.74,
ULR-IN-98F-SO-40K,133.74,
ULR-IN-98F-SO-50K,133.74,
ULR-IN-98F-XHO-27K,225.74,
ULR-IN-98F-XHO-30K,225.74,
ULR-IN-98F-XHO-40K,225.74,
ULR-IN-98F-XHO-50K,225.74,
ULR-OT-16F-HO-27K,48.74,
ULR-OT-16F-HO-30K,48.74,
ULR-OT-16F-HO-40K,48.74,
ULR-OT-16F-HO-50K,48.74,
ULR-OT-16F-HO-RGBW,84.74,
ULR-OT-49F-HO-30K,142.74,
ULR-OT-49F-HO-40K,142.74,
ULR-OT-49F-HO-50K,142.74,
UP4-80W-E,270.0,
USHB-100W-40K,369.74,
USHB-100W-50K,369.74,
USHB-150W-40K,402.74,
USHB-150W-50K,402.74,
USHB-200W-40K,449.74,
USHB-200W-50K,449.74,
USHB-240W-40K,474.74,
USHB-240W-50K,474.74,
UW-125-BS,63.74,
UW-125-SS,63.74,
V5ST19DLED22,5.64,
VP4FT4K-10,91.0,
VP4FT5K-10,91.0,
VT-V4840U-40,70.0,$59.00
VTU-12W-30K,82.74,
VTU-12W-50K,82.74,
VTU-20W-30K,98.74,
VTU-20W-50K,98.74,
WA-2FT-25W-35K-D,81.74,
WA-2FT-25W-40K-D,81.74,
WA-2FT-25W-50K-D,81.74,
WA-4FT-30W-35K-D,94.74,
WA-4FT-30W-40K-D,94.74,
WA-4FT-30W-50K-D,94.74,
WAS-4FT-42W-35K-D,67.74,
WAS-4FT-42W-40K-D,67.74,
WAS-4FT-42W-50K-D,67.74,
WF4-LED-27K30K35K-90CRI-,21.45,
WF4-LED-30K40K50K-90CRI-,21.45,
WF6-LED-27K30K35K-90CRI-,24.7,
WF6-LED-30K40K50K-90CRI-,24.7,
WIFILED,161.0,
WL-105-1-BK,19.74,
WL-105-BK,19.74,
WL-137-BK,29.74,
WL-137-BZ,62.74,
WL-138-BK,29.74,
WL-138-BZ,62.74,
WL-138-SS,62.74,
WL-140-FBK,36.74,
WL-157-BK,26.74,
WL-181-BK,19.74,
WL-181-BZ,53.74,
WL-3IN1-10W,37.74,
WL-701-FGBZ,68.74,
WL-705-FGBZ,68.74,
WL-707-FGBZ,68.74,
WL-708-FGBZ,68.74,
WL-EZCG-10W-50K,56.74,
WLXTE,37.5,
WMC-DL-15W-30K-BN,56.74,
WMC-DL-15W-30K-BR,56.74,
WMC-DL-15W-50K-BN,56.74,
WMC-DL-15W-50K-BR,56.74,
WMC-UDL-20W-30K-BN,70.74,
WMC-UDL-20W-30K-BR,70.74,
WMC-UDL-20W-50K-BN,70.74,
WMC-UDL-20W-50K-BR,70.74,
WMFT-100,103.75,
WMFT-250,122.5,
WMFT-320,142.5,
WMFT-400,165.0,
WML-120CW-LG,256.74,
WML-120NW-LG,256.74,
WML-120WW-LG,256.74,
WML-30CW-SM,82.74,
WML-30NW-SM,82.74,
WML-30WW-SM,82.74,
WML-50CW,94.74,
WML-50NW,94.74,
WML-50WW,94.74,
WML-60CW,116.74,
WML-60NW,116.74,
WML-60WW,116.74,
WML-80CW,136.74,
WML-80NW,136.74,
WML-80WW,136.74,
WML2-120W-30K-HL-LG,243.74,
WML2-120W-40K-HL-LG,243.74,
WML2-120W-50K-HL-LG,243.74,
WML2-150W-30K-LG,280.74,
WML2-150W-40K-LG,280.74,
WML2-150W-50K-LG,280.74,
WML2-28W-30K-HL-SM,82.74,
WML2-28W-40K-HL-SM,82.74,
WML2-28W-50K-HL-SM,82.74,
WML2-50W-30K-HL,139.74,
WML2-50W-30K-SM,94.74,
WML2-50W-40K-HL,139.74,
WML2-50W-40K-SM,94.74,
WML2-50W-50K-HL,139.74,
WML2-50W-50K-SM,94.74,
WML2-80W-30K-HL,154.74,
WML2-80W-40K-HL,154.74,
WML2-80W-50K-HL,154.74,
WMS-R-30K-BR,71.74,
WMS-R-30K-WH,71.74,
WMS-R-50K-BR,71.74,
WMS-R-50K-WH,71.74,
WMS-S-30K-BR,71.74,
WMS-S-30K-WH,71.74,
WMS-S-50K-BR,71.74,
WMS-S-50K-WH,71.74,
WMV-20W-30K,83.74,
WMV-20W-40K,83.74,
WMV-20W-50K,83.74,
WP-100W-HNYZ,111.0,
WP-40W-ENYZ,72.0,
WP-60W-FNYZ,84.0,
WP-80W-GNYZ,93.0,
WP-ADL50U-40B,135.66,
WP-ADL50U-50B,135.66,$102.00
WP-ADL70U-50B,172.9,$130.00
WP-ADS15U-40B,74.48,
WP-ADS15U-50B,74.48,$56.00
WP-ADS20U-40B,86.45,
WP-ADS20U-50B,86.45,$65.00
WP-ADS29U-40B,98.42,
WP-ADS29U-50B,98.42,$74.00
WP-OP120-40B,183.54,
WP-OP120-50B,183.54,
WP-OP28-40B,94.43,
WP-OP28-50B,94.43,
WP-OP40-40B,102.41,
WP-OP40-50B,102.41,
WP-OP50-40B,113.05,
WP-OP50-50B,113.05,
WP-OP80-40B,152.95,
WP-OP80-50B,152.95,
WP-WMP90UT2,125.0,
WP-WMP90UT2-50B,198.17,-
WP1-CL40UBZ50,83.2,
WP1-CL60UBZ50,108.99,
WP2-CL120UBZ50,191.88,
WP2-CL90UBZ50,142.27,
WPA-15B-50K,75.4,
WPA-24B-50K-10V,104.0,
WPA-42B-50K,102.7,
WPDS-28-50-G3,113.1,
WPDS-28-50-G3-PT1,127.4,
WPDS-40-50-G3,123.5,
WPDS-40-50-G3-PT1,132.6,
WPDS-60-50-G3,158.6,
WPDS-60-50-G3-PT1,174.2,
WPDS-90-50-G3,178.1,
WPDS-90-50-G3-PT1,193.7,
WPFC-28-50-G2,119.6,
WPFC-40-50-G2,123.5,
WPFC-60-50-G2,167.7,
WPFC-90-50-G2,188.5,
WPS-125,98.75,
WPS-50,86.25,
WPTA-P240-850,114.4,
WPTA-P260-850,127.4,
WPTA-P280-850,172.9,
WPTA-P335-830,114.4,
WPTA-P335-840,114.4,
WPTA-P350-830,127.4,
WPTA-P350-840,127.4,
WPTA-P375-830-10V,172.9,
WPTA-P375-840,159.9,
WPTA-P375-840-10V,172.9,
WRP-4FT-42-40-ND-F,58.5,
WRP-4FT-42-50-ND-F,58.5,
WSD-2FLHB10W27-50K-C,135.8,
WSD-2FLHB15W27-50K-C,145.6,
WSD-2FLHB20W27-50K-C,158.2,
WSD-4FLHB15W27-50K-C,173.6,
WSD-4FLHB30W27-50K-C,224.0,
WSD-CP45W27-50K-D,65.8,
WSD-CP65W27-50K-D,77.0,
WSD-FL03W27-50K-D-K,34.3,
WSD-FL07W27-50K-D-K,81.2,
WSD-FL45W27-50K-D-K,71.4,
WSD-FWP07W27-50K,92.4,
WSD-FWP45W27-50K,82.6,
WSD-GSL20W27-50K,208.6,
WSD-GWP05W27-50K-D,82.6,
WSD-GWP07W27-50K-D,86.8,
WSD-GWP10W27-50K-D,116.12,
WSD-HWP07W27-50K,85.4,
WSD-HWP10W27-50K,134.4,
WSD-HWP15W27-50K,149.8,
WSD-HWP45W27-50K,71.4,
WSD-RB2.5QD90-D,107.8,
WSD-SB10W27-50K-D-T3-,131.6,
WSD-SB15W27-50K-D-T3-,180.6,
WSD-SB20W27-50K-D-T3-,190.4,
WSD-SB30W27-50K-D-T3-,278.6,
WSD-ST10W27-50K-S,148.4,
WSD-ST15W27-50K-S,166.6,
WSD-UHB10W27-50K,105.0,
WSD-UHB15W27-50K,110.6,
WSD-UHB20W27-50K,128.8,
WSD-WP02W27-50K-P,27.3,
XBEAM-300,247.5,
XBEAM-400,272.5,
XBEAM-600,327.5,
XSY-T8-10L2FT,12.38,
XT-CL-EM,36.74,
XT-EM,14.74,
XT-WP-EM,117.74,
YM2501A,22.5,
ZY-10W600-BONS,112.5,
ZY-15W1200-BONS,157.5,
ZY-20W1200-BONS,180.0,
ZY-22W1500-BINS,450.0,
ZY-30W1800-BINS,562.5,
ZY-DR,5.5,
ZY-DR-K,8.78,
ZY-DR-WG,7.38,
ZY-FW-45W27,109.5,
ZY-FW-70W27,124.5,
ZY-H150W-MDZ,90.0,
ZY-H200W-MDZ,90.0,
ZY-H240W-MDZ,120.0,
ZY-H5-165W,100.5,
ZY-H6-325W,165.0,
ZY-P1-40W,60.0,
ZY-P4-30W,78.0,
ZY-P4-40W,78.0,
ZY-P7-40W,126.0,
ZY-P7-50W,129.0,
ZY-R4-25W,81.0,
ZY-R4-36W,84.0,
ZY-R7-25W,132.0,
ZY-R7-36W,135.0,
ZY-R7-50W,138.0,
ZY-S4-40W-BNZ,30.0,
ZY-SCP-120W,117.0,
ZY-SP4FT22W,225.0,
ZY-SR4FT36,15.0,
ZY-SRT-100W,45.0,
ZY-SRT-120W,52.5,
ZY-SRT-150W,52.5,
ZY-SRT-200W,60.0,
ZY-SRT-300W,75.0,
ZY-SRT-80W,37.5,
ZY-SST-180W,124.5,
ZY-SST-300W,192.0,
ZY-ST4FT40,90.0,
ZY-ST8FT60,147.0,
ZY-STAP4FT36,48.0,
ZY-STAP4FTLW,52.5,
ZY-STP8232-35W,105.0,
ZY-SWP-60W,82.5,
ZY-SWP-80W,88.5,
ZY-T4-25W,40.5,
ZY-T4-36W,42.0,
ZY-T5-25W1200-BONT,142.5,
ZY-T5-27W4FT,200.0,
ZY-T5-30W1200-BONT,172.5,
ZY-T7-36W,67.5,
ZY-T8-12W1200-BINS,245.0,
ZY-T8-12W1200-BIXX,216.0,
ZY-T8-12W1200-BONT,157.5,
ZY-T8-15W1200-BIXX,216.0,
ZY-T8-15W1200-BONT,139.5,
ZY-T8-15W600-BIXX,180.0,
ZY-T8-15W600U-BIXX,165.0,
ZY-T8-18W1200-BINS,227.5,
ZY-T8-18W1200-BIXX,225.0,
ZY-T8-18W1200-BONT,139.5,
ZY-T8-20W1200-BIXX,234.0,
ZY-T8-22W1200-BINS,227.5,
ZY-T8-22W1200-BONT,139.5,
ZY-T8-40W2400-BINS,390.0,
ZY-T8-40W2400-BINT,360.0,
